date,portfolio_gross_return,portfolio_net_return,turnover,transaction_cost,active_positions,cumulative_strategy,benchmark_return,cumulative_benchmark,excess_return,drawdown,rolling_volatility,rolling_sharpe
2024-01-02,0.0,0.0,0.0,0.0,0,1.0,0.0,1.0,0.0,0.0,0.0,0.0
2024-01-03,0.0,0.0,0.0,0.0,0,1.0,0.0032565967764687973,1.0032565967764688,-0.0032565967764687973,0.0,0.0,0.0
2024-01-04,0.0,0.0,0.0,0.0,0,1.0,-5.48563275581578e-05,1.0032015618039711,5.48563275581578e-05,0.0,0.0,0.0
2024-01-05,0.0,0.0,0.0,0.0,0,1.0,0.0016631438882681964,1.0048700303501865,-0.0016631438882681964,0.0,0.0,0.0
2024-01-08,0.0,0.0,0.0,0.0,0,1.0,0.007717701058098288,1.0126253168466712,-0.007717701058098288,0.0,0.0,0.0
2024-01-09,0.0,0.0,0.0,0.0,0,1.0,0.006250668546120071,1.0189549020636897,-0.006250668546120071,0.0,0.0,0.0
2024-01-10,0.0,0.0,0.0,0.0,0,1.0,-0.0062517219244243956,1.0125846793624584,0.0062517219244243956,0.0,0.0,0.0
2024-01-11,0.0,0.0,0.0,0.0,0,1.0,0.005460237352817865,1.0181136320516044,-0.005460237352817865,0.0,0.0,0.0
2024-01-12,0.0,0.0,0.0,0.0,0,1.0,0.016008075749546807,1.0344116721951329,-0.016008075749546807,0.0,0.0,0.0
2024-01-15,0.0,0.0,0.0,0.0,0,1.0,-0.002371070582168603,1.0319590091093391,0.002371070582168603,0.0,0.0,0.0
2024-01-16,0.0,0.0,0.0,0.0,0,1.0,-0.004918048266928136,1.026883784893048,0.004918048266928136,0.0,0.0,0.0
2024-01-17,0.0,0.0,0.0,0.0,0,1.0,0.011205326546199545,1.038390353027772,-0.011205326546199545,0.0,0.0,0.0
2024-01-18,0.0,0.0,0.0,0.0,0,1.0,0.006040442909774346,1.0446626906732965,-0.006040442909774346,0.0,0.0,0.0
2024-01-19,0.0,0.0,0.0,0.0,0,1.0,-0.005293560441371303,1.0391327055793718,0.005293560441371303,0.0,0.0,0.0
2024-01-22,0.0,0.0,0.0,0.0,0,1.0,0.00424405530946718,1.043542842255727,-0.00424405530946718,0.0,0.0,0.0
2024-01-23,0.0,0.0,0.0,0.0,0,1.0,0.0020901286659293175,1.045723981064451,-0.0020901286659293175,0.0,0.0,0.0
2024-01-24,0.0,0.0,0.0,0.0,0,1.0,0.005899027955328669,1.0518927360623076,-0.005899027955328669,0.0,0.0,0.0
2024-01-25,0.0,0.0,0.0,0.0,0,1.0,0.005211783442930755,1.0573749732078563,-0.005211783442930755,0.0,0.0,0.0
2024-01-26,0.0,0.0,0.0,0.0,0,1.0,-0.0023134622700368888,1.0549287761020587,0.0023134622700368888,0.0,0.0,0.0
2024-01-29,0.0,0.0,0.0,0.0,0,1.0,0.004030430305874244,1.0591805930117992,-0.004030430305874244,0.0,0.0,0.0
2024-01-30,-0.00020274669092408982,-0.0012027466909240898,1.0,0.001,3,0.9987972533090759,-0.00020274669092409012,1.058965847651475,-0.0009999999999999998,-0.001202746690924128,0.004269327229419583,-3.5496478698597698
2024-01-31,-0.0030808026594860705,-0.0030808026594860705,0.0,0.0,3,0.9957201560747939,-0.0030808026594860705,1.0557033828517253,0.0,-0.004279843925206084,0.011528379694187052,-4.6817265953152685
2024-02-01,0.003307190777662272,0.002623857444328939,0.6833333333333333,0.0006833333333333333,1,0.9983327838187791,-0.00011248815275222146,1.055584628728334,0.0027363455970811604,-0.0016672161812208985,0.015315249712502737,-1.365444142876208
2024-02-02,-0.008319008709004665,-0.008669008709004665,0.35,0.00035,2,0.9896782282213692,-0.007585325841156269,1.0475776753665136,-0.0010836828678483955,-0.010321771778630806,0.03409377608502754,-3.8171667293619187
2024-02-05,0.004977396873234129,0.00462739687323413,0.35,0.00035,1,0.9942578621601488,0.010688084117169852,1.0587742736801002,-0.006060687243935723,-0.005742137839851225,0.03867270522973073,-1.8575485402584628
2024-02-06,-0.011038110597894533,-0.011388110597894532,0.35,0.00035,2,0.9829351436630428,-0.006404596034135383,1.0519932521658442,-0.004983514563759149,-0.0170648563369572,0.055168347041759914,-3.903082695550238
2024-02-07,0.00013248793413451752,-0.00021751206586548248,0.35,0.00035,1,0.9827213434093328,0.006007909738324176,1.0583135326701827,-0.0062254218041896585,-0.017278656590667185,0.05512905332404041,-3.95557804029286
2024-02-08,-0.0028899068635653944,-0.0032399068635653944,0.35,0.00035,2,0.9795374177838487,-0.004689683910033697,1.0533503767242485,0.0014497770464683025,-0.02046258221615127,0.05565163426878812,-4.651976578823117
2024-02-09,0.0,-0.0007,0.7,0.0007,0,0.9788517415914,-0.0029940086124796337,1.0501966366243773,0.0022940086124796336,-0.021148258408600018,0.05553559474980833,-4.820513769550587
2024-02-12,0.0,0.0,0.0,0.0,0,0.9788517415914,0.0019462817294069918,1.052240615150524,-0.0019462817294069918,-0.021148258408600018,0.05553559474980833,-4.820513769550587
2024-02-13,0.0,0.0,0.0,0.0,0,0.9788517415914,0.007267389097465345,1.059887657124979,-0.007267389097465345,-0.021148258408600018,0.05553559474980833,-4.820513769550587
2024-02-14,-0.003762026458208012,-0.004112026458208012,0.35,0.00035,1,0.9748266773313132,0.0024069038148167112,1.0624387047701902,-0.0065189302730247235,-0.02517332266868677,0.05640368544483489,-5.664907001113579
2024-02-15,-0.0031818181818181633,-0.0038818181818181634,0.7,0.0007,1,0.9710425774111271,-0.0004234552744391736,1.061988809496887,-0.0034583629073789896,-0.028957422588872905,0.05692695735749349,-6.472022373201088
2024-02-16,0.0006085496683420511,0.00025854966834205103,0.35,0.00035,2,0.9712936401474628,-0.0024219780739703025,1.0594166958854838,0.0026805277423123533,-0.028706359852537222,0.05702234586141612,-6.40406511374247
2024-02-19,0.0021866670762347826,0.0021866670762347826,0.0,0.0,2,0.9734175359717294,0.002017404101264386,1.0615539674727112,0.0001692629749703964,-0.02658246402827058,0.05827391594230268,-5.793721002181768
2024-02-20,-0.008052088985349981,-0.00840208898534998,0.35,0.00035,1,0.9652387952145948,-0.012656662345209272,1.0481182373451918,0.004254573359859291,-0.03476120478540523,0.0631406655537704,-7.023827322694748
2024-02-21,-0.0029934466289014525,-0.0029934466289014525,0.0,0.0,1,0.9623494043969748,0.0014911022317239582,1.0496810887880077,-0.004484548860625411,-0.037650595603025194,0.06292777991285635,-7.6469654591381815
2024-02-22,0.0,-0.00035,0.35,0.00035,0,0.9620125821054359,-0.010277793702302604,1.0388926831042362,0.009927793702302604,-0.03798741789456406,0.0627990471428161,-7.732865091240708
2024-02-23,0.0,0.0,0.0,0.0,0,0.9620125821054359,7.151418445472402e-05,1.0389669786672044,-7.151418445472402e-05,-0.03798741789456406,0.0627990471428161,-7.732865091240708
2024-02-26,0.0,0.0,0.0,0.0,0,0.9620125821054359,0.002060041976144289,1.0411072942550867,-0.002060041976144289,-0.03798741789456406,0.0627990471428161,-7.732865091240708
2024-02-27,-0.005823049801674762,-0.006173049801674761,0.35,0.00035,1,0.9560740305262614,-0.0033906222610882164,1.0375772926870042,-0.002782427540586545,-0.04392596947373861,0.06449414488907745,-8.500653501992076
2024-02-28,0.0,-0.00035,0.35,0.00035,0,0.9557394046155773,0.0012917624754394952,1.0389175960990653,-0.0016417624754394952,-0.04426059538442273,0.06471385296705245,-7.940096927336452
2024-02-29,0.0,0.0,0.0,0.0,0,0.9557394046155773,0.002874715358732923,1.0419041884690292,-0.002874715358732923,-0.04426059538442273,0.06284971393332309,-8.701628610092618
2024-03-01,0.0,0.0,0.0,0.0,0,0.9557394046155773,-0.013353606927092495,1.0279910094805225,0.013353606927092495,-0.04426059538442273,0.058331436887089125,-7.503078657432373
2024-03-04,0.0,0.0,0.0,0.0,0,0.9557394046155773,-0.008086369395527093,1.0196782944425822,0.008086369395527093,-0.04426059538442273,0.05376960796117974,-9.22399434501568
2024-03-05,0.0,0.0,0.0,0.0,0,0.9557394046155773,-0.0021076300700865933,1.0175291898074004,0.0021076300700865933,-0.04426059538442273,0.04098321426249477,-8.600603261046032
2024-03-06,0.0,0.0,0.0,0.0,0,0.9557394046155773,0.0007782179778377992,1.0183210493158832,-0.0007782179778377992,-0.04426059538442273,0.04107353611903839,-8.514964798517664
2024-03-07,0.0,0.0,0.0,0.0,0,0.9557394046155773,-0.0017058223591491044,1.016583974501168,0.0017058223591491044,-0.04426059538442273,0.040744657349684785,-7.58177655225076
2024-03-08,0.0,0.0,0.0,0.0,0,0.9557394046155773,-0.0008355534580299177,1.0157345642458957,0.0008355534580299177,-0.04426059538442273,0.04093977900278067,-7.330202923248533
2024-03-11,0.0,0.0,0.0,0.0,0,0.9557394046155773,0.0014642477855567975,1.0172218513323064,-0.0014642477855567975,-0.04426059538442273,0.04093977900278067,-7.330202923248533
2024-03-12,0.0,0.0,0.0,0.0,0,0.9557394046155773,-0.0024022086201456925,1.0147782722324352,0.0024022086201456925,-0.04426059538442273,0.04093977900278067,-7.330202923248533
2024-03-13,0.0,0.0,0.0,0.0,0,0.9557394046155773,0.015025456526926254,1.0300257790463332,-0.015025456526926254,-0.04426059538442273,0.0396293345351739,-6.265191108105527
2024-03-14,0.0,0.0,0.0,0.0,0,0.9557394046155773,-0.005917290890219269,1.0239308168872914,0.005917290890219269,-0.04426059538442273,0.038237256414280905,-5.214140970232877
2024-03-15,0.0,0.0,0.0,0.0,0,0.9557394046155773,0.006953049924698511,1.031050258976546,-0.006953049924698511,-0.04426059538442273,0.038154039192807916,-5.310896968368901
2024-03-18,0.0010259917920656724,0.0006759917920656723,0.35,0.00035,1,0.9563854766084511,-0.00026893707689660634,1.0307729713337634,0.0009449288689622787,-0.04361452339154892,0.0369410052758725,-6.0005589454118375
2024-03-19,0.0006137957911145686,0.0006137957911145686,0.0,0.0,1,0.9569725019886764,-0.0061283268431038635,1.0244560576643928,0.006742122634218432,-0.04302749801132355,0.02428550679381324,-4.4498363733846125
2024-03-20,0.002008364131491913,0.002008364131491913,0.0,0.0,1,0.9588944512364945,-0.00020498108435192583,1.024246063550822,0.002213345215843839,-0.04110554876350547,0.023764309811949557,-1.895435476673648
2024-03-21,0.0019292138091093756,0.0019292138091093756,0.0,0.0,1,0.9607443636532983,-0.006326590368183209,1.0177660782705118,0.008255804177292584,-0.039255636346701706,0.024896649584621875,-0.6557356983302165
2024-03-22,0.0040392383150606335,0.0040392383150606335,0.0,0.0,1,0.9646250390979453,0.0012800011194786427,1.0190688199900655,0.002759237195581991,-0.03537496090205472,0.028850635327637448,1.1981982537207463
2024-03-25,0.002695379349686222,0.002695379349686222,0.0,0.0,1,0.9672250695085202,0.003145567267626307,1.0222743695136849,-0.00045018791794008495,-0.03277493049147984,0.030233938563835605,2.26667658696405
2024-03-26,-0.002839890555712815,-0.002839890555712815,0.0,0.0,1,0.9644782561683743,-0.008022279927442496,1.0140733983587962,0.005182389371729681,-0.03552174383162565,0.02200529046110257,5.022808827215917
2024-03-27,-0.002397032245790914,-0.002397032245790914,0.0,0.0,1,0.9621663706879746,0.00109141645364134,1.015180174750965,-0.003488448699432254,-0.037833629312025385,0.02408012693165968,3.5189083976589486
2024-03-28,-0.0012067809596781997,-0.0012067809596781997,0.0,0.0,1,0.9610052466317857,0.0009689181047344656,1.0161638012018488,-0.0021756990644126654,-0.03899475336821434,0.024677238425269643,2.8175892126310975
2024-03-29,-0.004171071600192189,-0.004171071600192189,0.0,0.0,1,0.9569968249399242,-0.0023790952728326062,1.0137462507059858,-0.0017919763273595824,-0.04300317506007578,0.029303700332152047,0.5792721884860044
2024-04-01,0.0,-0.00035,0.35,0.00035,0,0.9566618760511952,-0.0013785955809983985,1.0123487046045088,0.0010285955809983985,-0.04333812394880476,0.029340684061743824,0.4282387757457418
2024-04-02,0.0019269776876267518,0.0015769776876267518,0.35,0.00035,1,0.958170510484331,-0.0011782589335306664,1.0111558956994604,0.0027552366211574184,-0.041829489515669005,0.02983495315119584,1.0871388777408153
2024-04-03,-0.001613832853025887,-0.001613832853025887,0.0,0.0,1,0.9566241834357109,-0.0033505150474277823,1.007768002655624,0.0017366821944018952,-0.04337581656428913,0.0304704857471956,0.3971201390915915
2024-04-04,0.0,-0.00035,0.35,0.00035,0,0.9562893649715084,-0.0027444826019379733,1.005002200905546,0.0023944826019379733,-0.043710635028491596,0.030503111439402573,0.25211996990511903
2024-04-05,0.0,0.0,0.0,0.0,0,0.9562893649715084,0.0007164667378390203,1.0057222515539497,-0.0007164667378390203,-0.043710635028491596,0.030503111439402573,0.25211996990511903
2024-04-08,-0.004570275403608742,-0.004920275403608742,0.35,0.00035,1,0.9515841579303065,-0.00313373223265323,1.0025705873171584,-0.0017865431709555117,-0.048415842069693515,0.03520593213165241,-1.5424964845209075
2024-04-09,0.0,-0.00035,0.35,0.00035,0,0.951251103475031,0.0027027448265391683,1.0052802797852702,-0.0030527448265391683,-0.048748896524969054,0.03519943814543265,-1.668067152230216
2024-04-10,0.0007811877241928999,0.0004311877241928999,0.35,0.00035,1,0.9516612712734743,0.005235683903352421,1.0105436095644997,-0.0048044961791595215,-0.04833872872652567,0.03527049818175988,-1.510669368715629
2024-04-11,0.0022826692118030453,0.0022826692118030453,0.0,0.0,1,0.9538335991574756,0.0009950519675785419,1.0115491529715208,0.0012876172442245035,-0.046166400842524435,0.036365698114159926,-0.6742735716727215
2024-04-12,0.0,-0.00035,0.35,0.00035,0,0.9534997573977705,-0.008949582275727138,1.00249621060106,0.008599582275727139,-0.04650024260222951,0.036374498142218166,-0.7953492317802836
2024-04-15,0.0,0.0,0.0,0.0,0,0.9534997573977705,0.00871505174661876,1.0112330169522374,-0.00871505174661876,-0.04650024260222951,0.03625853932687381,-1.0328029321930987
2024-04-16,-0.00538929248262791,-0.00573929248262791,0.35,0.00035,1,0.9480273434079499,-0.01311693625163124,0.9979687379333302,0.0073776437690033295,-0.05197265659205008,0.04116742628050102,-2.8541215373146063
2024-04-17,0.0,-0.00035,0.35,0.00035,0,0.9476955338377572,0.011689302749622765,1.009634296645692,-0.012039302749622765,-0.052304466162242824,0.04012514876748416,-3.6688269218102527
2024-04-18,0.0,0.0,0.0,0.0,0,0.9476955338377572,-0.007691859383173738,1.0018683316074637,0.007691859383173738,-0.052304466162242824,0.03909348462823686,-4.387440046996424
2024-04-19,0.0,0.0,0.0,0.0,0,0.9476955338377572,-0.0021218201110042947,0.9997425472328807,0.0021218201110042947,-0.052304466162242824,0.03504509900017597,-6.346528591721563
2024-04-22,0.0,0.0,0.0,0.0,0,0.9476955338377572,-0.00982201177117048,0.9899230641658194,0.00982201177117048,-0.052304466162242824,0.03261715623278212,-7.860173363387908
2024-04-23,0.0,0.0,0.0,0.0,0,0.9476955338377572,-0.003485681437154257,0.9864725077168458,0.003485681437154257,-0.052304466162242824,0.03206561354983073,-6.8794530086126775
2024-04-24,0.0,0.0,0.0,0.0,0,0.9476955338377572,-0.002456319242452043,0.984049416313991,0.002456319242452043,-0.052304466162242824,0.031683533930250904,-6.00915528332673
2024-04-25,0.0,0.0,0.0,0.0,0,0.9476955338377572,0.007337555350866702,0.991269933374183,-0.007337555350866702,-0.052304466162242824,0.03174508574354129,-5.5185182561721735
2024-04-26,0.0,0.0,0.0,0.0,0,0.9476955338377572,0.001249443990039123,0.9925084696349438,-0.001249443990039123,-0.052304466162242824,0.029023779923526796,-4.225167548133776
2024-04-29,0.0,0.0,0.0,0.0,0,0.9476955338377572,-0.0007022130682832936,0.9918115172171842,0.0007022130682832936,-0.052304466162242824,0.029072182357092684,-4.066441645314599
2024-04-30,0.0,0.0,0.0,0.0,0,0.9476955338377572,0.008011694745102623,0.9997576083378052,-0.008011694745102623,-0.052304466162242824,0.02812356148872428,-4.910126762448786
2024-05-01,-8.18968879182591e-05,-0.0004318968879182591,0.35,0.00035,1,0.9472862270859986,0.005543617660466442,1.0052998822715724,-0.005975514548384701,-0.05271377291400137,0.027840966680719385,-4.425056793955391
2024-05-02,-0.004123108129193331,-0.004123108129193331,0.0,0.0,1,0.9433804635424274,-0.001963614768023462,1.0033258605764517,-0.002159493361169869,-0.05661953645757256,0.030669158741194986,-5.567124374993088
2024-05-03,0.0052945003616674865,0.004944500361667487,0.35,0.00035,2,0.948045008585603,0.0023215704952072405,1.0056551522914445,0.0026229298664602464,-0.05195499141439697,0.03657196095376242,-2.965067056938132
2024-05-06,1.8828004520522225e-06,1.8828004520522225e-06,0.0,0.0,2,0.9480467935651737,0.00044756346870004443,1.00610524679972,-0.0004456806682479922,-0.05195320643482626,0.03250440958885579,-1.428086953358399
2024-05-07,-0.001727975548363936,-0.001727975548363936,0.0,0.0,2,0.9464085918871883,-0.004933137063779847,1.0011419917166688,0.0032051615154159107,-0.05359140811281171,0.03296243393034967,-1.9349789310043102
2024-05-08,0.003752657264776571,0.003752657264776571,0.0,0.0,2,0.9499601389649808,0.0011529867605329185,1.0022962951785317,0.002599670504243652,-0.05003986103501923,0.03585829756547725,-0.6116045782276125
2024-05-09,0.004838580226129002,0.004838580226129002,0.0,0.0,2,0.9545565973089876,-0.00100080271504203,1.0012931943250405,0.005839382941171032,-0.045443402691012436,0.039099771975796525,0.2627478193062742
2024-05-10,0.008110439360562882,0.008110439360562882,0.0,0.0,2,0.9622984707076874,0.00294055622862562,1.0042375532642933,0.005169883131937262,-0.03770152929231263,0.048404445134391114,2.4145492307702625
2024-05-13,0.0022410527117427857,0.0022410527117427857,0.0,0.0,2,0.9644550323049726,0.003284752942117534,1.007536225521963,-0.0010437002303747482,-0.03554496769502735,0.04877192512310278,2.975321961698132
2024-05-14,-0.007397257761814746,-0.007397257761814746,0.0,0.0,2,0.9573207098313333,-0.005898547088392547,1.0015932256524605,-0.0014987106734221985,-0.04267929016866667,0.051875562280756106,2.3946114886043763
2024-05-15,-0.0022968525436239894,-0.0022968525436239894,0.0,0.0,2,0.9551218853238933,-0.005258029884040634,0.9963268185403271,0.0029611773404166447,-0.044878114676106695,0.05274810817538072,1.889953570167611
2024-05-16,-0.00032135616423267235,-0.00032135616423267235,0.0,0.0,2,0.9548149510184509,-0.005026774210466119,0.9913185085836929,0.004705418046233446,-0.04518504898154907,0.05279238936984601,1.8116699933067542
2024-05-17,0.0008067080791738512,0.0008067080791738512,0.0,0.0,2,0.9555852079535535,-0.0035450450421165014,0.9878042398196799,0.004351753121290353,-0.044414792046446494,0.05279312973329061,2.00417952162413
2024-05-20,0.0030392684238838338,0.0026892684238838337,0.35,0.00035,1,0.9581550330796333,-0.0022150514563183212,0.98561620259971,0.004904319880202155,-0.041844966920366655,0.05336935363986274,2.6174514418421686
2024-05-21,0.004053024531464311,0.004053024531464311,0.0,0.0,1,0.962038458933651,0.0072086639162499315,0.9927211785546617,-0.003155639384785621,-0.03796154106634897,0.05473272292871927,3.485297104252024
2024-05-22,-0.005964001141988539,-0.0063140011419885395,0.35,0.00035,2,0.9559641470053071,0.0015495367383665155,0.9942594364917866,-0.007863537880355055,-0.044035852994692926,0.06020610650912242,1.8470449725126883
2024-05-23,0.0018301000303121982,0.001480100030312198,0.35,0.00035,1,0.957379069568267,-0.0011339219157238494,0.9931320239268334,0.0026140219460360475,-0.042620930431732984,0.06029139693105021,2.1537508389907165
2024-05-24,0.0033245382585751822,0.0033245382585751822,0.0,0.0,1,0.9605619129130057,0.009978230697253196,1.0030417243744052,-0.006653692438678013,-0.039438087086994256,0.06106449555446475,2.8124661838733895
2024-05-27,-0.0011500261369576435,-0.0011500261369576435,0.0,0.0,1,0.9594572416069898,0.0007766051510367614,1.0038206917442591,-0.001926631287994405,-0.04054275839301025,0.061370409381161485,2.5623342102851163
2024-05-28,0.00020978497040540222,0.00020978497040540222,0.0,0.0,1,0.9596585213160256,0.006663832984143821,1.0105099851800705,-0.006454048013738419,-0.04034147868397442,0.061346631071473444,2.606415173758626
2024-05-29,0.00503182328715831,0.00503182328715831,0.0,0.0,1,0.9644873534113034,0.010853151903910785,1.0214772035496484,-0.005821328616752475,-0.03551264658869657,0.06312678880846934,3.6234642789074876
2024-05-30,0.0009894992849454054,0.0006394992849454053,0.35,0.00035,2,0.9651041423841489,-0.0011194638082004198,1.0203336967893728,0.0017589630931458251,-0.03489585761585112,0.06029284516696278,4.789067706262286
2024-05-31,-0.002163755990177485,-0.002163755990177485,0.0,0.0,2,0.96301589251492,-0.0010239532939545863,1.0192889227396125,-0.0011398026962228986,-0.036984107485079964,0.05962891712474282,3.3403673465650923
2024-06-03,-0.0016476659629222437,-0.0016476659629222437,0.0,0.0,2,0.96142916400707,-0.004507047083172881,1.0146949395734686,0.0028593811202506374,-0.038570835992929986,0.060202952628457256,2.963279464995609
2024-06-04,0.008475602852961117,0.008142269519627782,0.3333333333333333,0.0003333333333333333,3,0.969257379384446,0.008475602852961117,1.0232950908982026,-0.0003333333333333348,-0.030742620615553995,0.06491639075704812,4.6638954751167345
2024-06-05,0.008373085763302868,0.008373085763302868,0.0,0.0,3,0.9773730545487461,0.008373085763302868,1.03186322845546,0.0,-0.022626945451253877,0.069251798791107,5.212581716223858
2024-06-06,4.811702287969323e-05,4.811702287969323e-05,0.0,0.0,3,0.9774200828303738,4.8117022879693806e-05,1.0319128786420324,-5.759824041329242e-19,-0.02257991716962615,0.06820657234839152,4.407505222482947
2024-06-07,0.0035768212830282753,0.003243487949694942,0.3333333333333333,0.0003333333333333333,2,0.980590333090824,0.007731599277722194,1.0398912155092135,-0.004488111328027252,-0.019409666909176004,0.063698747208069,3.7567023928211207
2024-06-10,0.010706057156164128,0.010706057156164128,0.0,0.0,2,0.9910885892436764,0.0069732380124876885,1.0471426244620543,0.0037328191436764397,-0.008911410756323623,0.07245958370153602,4.7744725319010595
2024-06-11,0.005942517689789528,0.005909184356456194,0.033333333333333326,3.333333333333333e-05,2,0.9969451144310975,0.007209579407911153,1.054692082364522,-0.0013003950514549585,-0.0030548855689025434,0.06622518329029523,7.755621611415758
2024-06-12,-0.00044831222895106836,-0.0004816455622844015,0.033333333333333326,3.333333333333333e-05,2,0.9964649402408906,-0.0035091558273086334,1.0509910034976764,0.003027510265024232,-0.0035350597591093935,0.06495042159255372,8.25997826583112
2024-06-13,0.005678218996744011,0.005644885663410678,0.033333333333333326,3.333333333333333e-05,2,1.0020898708961476,0.010832782407990052,1.062376160351322,-0.005187896744579375,0.0,0.0654162058892259,9.350339253474035
2024-06-14,0.007225563093665066,0.007192229760331733,0.033333333333333326,3.333333333333333e-05,2,1.0092971314881338,0.009029635849695147,1.0719690302146916,-0.001837406089363414,0.0,0.06722017043684637,10.29633347288532
2024-06-17,-0.009115546016449889,-0.009448879349783224,0.3333333333333333,0.0003333333333333333,3,0.9997604046646201,-0.00911554601644989,1.0621974471915603,-0.00033333333333333305,-0.009448879349783224,0.07995873508309947,6.743236100638576
2024-06-18,0.0016037334083333409,0.0012370667416666742,0.36666666666666664,0.00036666666666666667,2,1.000997175010866,-0.0061868349690386015,1.055625806881252,0.007423901710705276,-0.00822350150250617,0.07968930847531065,6.320792217419712
2024-06-19,0.006356521104844248,0.006356521104844248,0.0,0.0,2,1.007360034679712,0.003472623868338983,1.0592915982542623,0.0028838972365052653,-0.001919253258518272,0.07469446290460968,8.88082081772969
2024-06-20,0.0017159157997165219,0.0017159157997165219,0.0,0.0,2,1.0090885796792217,0.002844734550480251,1.0623050016628497,-0.0011288187507637291,-0.00020663073579196833,0.07465089327892063,8.925806384356292
2024-06-21,0.004197514732540974,0.004197514732540974,0.0,0.0,2,1.013324243858864,0.006717883546955461,1.0694414429553691,-0.0025203688144144866,0.0,0.07482054804706749,9.052579018437246
2024-06-24,-0.003542620461841217,-0.003542620461841217,0.0,0.0,2,1.00973442065809,-0.006173975159389111,1.0628387380521414,0.0026313546975478943,-0.0035426204618410617,0.07690133765327894,8.415617395671292
2024-06-25,0.0012130204206628635,0.0012130204206628635,0.0,0.0,2,1.0109592491297945,0.0003851381749863843,1.0632480778240196,0.0008278822456764792,-0.0023338973121410644,0.07657503785300833,8.616554690382678
2024-06-26,0.0026842557981812563,0.0026842557981812563,0.0,0.0,2,1.0136729223559962,0.001681610987883923,1.0650360474745348,0.0010026448102973334,0.0,0.07604525365630553,8.287613242318397
2024-06-27,0.004420628840178992,0.004420628840178992,0.0,0.0,2,1.0181539941110715,0.005525810345207864,1.070921234683689,-0.0011051815050288722,0.0,0.07600211764624576,8.919170999531842
2024-06-28,0.005905255753880767,0.005905255753880767,0.0,0.0,2,1.0241664538431328,0.005726838585623358,1.077054227732639,0.00017841716825740903,0.0,0.07455061789205344,10.45659249554832
2024-07-01,0.0063371959630191925,0.0063371959630191925,0.0,0.0,2,1.0306567973598872,0.004417052346906887,1.0818116326369913,0.0019201436161123053,0.0,0.07319110691437022,12.025432172861294
2024-07-02,0.00249771432236151,0.00249771432236151,0.0,0.0,2,1.0332310836040923,-0.00020260239443792294,1.0815924550098883,0.002700316716799433,0.0,0.07114918698283153,11.370942250753547
2024-07-03,0.0013529617522200221,0.0013529617522200221,0.0,0.0,2,1.0346290057414136,-0.0048770780471325175,1.0763174441916155,0.00623003979935254,0.0,0.06871525207062304,10.48645987778105
2024-07-04,0.00637082865587285,0.00637082865587285,0.0,0.0,2,1.0412204498593882,0.0016940461935248303,1.0781407756609727,0.00467678246234802,0.0,0.06894912138663756,11.60632484232065
2024-07-05,-0.0014889724119057542,-0.0014889724119057542,0.0,0.0,2,1.0396701013348355,-0.005446753195449665,1.0722684089459966,0.0039577807835439105,-0.001488972411905709,0.07090591149919379,10.445065639670474
2024-07-08,-0.004084494300705665,-0.004434494300705665,0.35,0.00035,1,1.0350596901958522,-0.005038960000799064,1.0668652913231973,0.0006044657000933993,-0.005916863872936773,0.06925733734898966,7.939172548931472
2024-07-09,0.004261968002616634,0.0039119680026166335,0.35,0.00035,2,1.0391088105846968,0.0009713323624434741,1.067901572107027,0.0029406356401731593,-0.002028042452466794,0.06818631138642474,7.694814615522167
2024-07-10,0.0014964872080710787,0.0014964872080710787,0.0,0.0,2,1.040663823627531,0.0022250493996790466,1.0702777058589603,-0.0007285621916079679,-0.0005345901839830525,0.06755851056049814,8.135251854747716
2024-07-11,7.831320221350331e-05,7.831320221350331e-05,0.0,0.0,2,1.040745321343987,-0.0037773901346369967,1.0662348494115268,0.0038557033368505,-0.0004563188472387347,0.06665659520845404,7.193086953073035
2024-07-12,-0.005975395461943739,-0.005975395461943739,0.0,0.0,2,1.034526456473789,-0.009198159710251619,1.0564274509780034,0.00322276424830788,-0.006428987623613436,0.0691388340312668,4.535144567056641
2024-07-15,9.648961587943594e-05,-0.00025351038412056405,0.35,0.00035,1,1.0342641932744254,0.0004553754780102596,1.0569085221334757,-0.0007088858621308237,-0.006680868192612044,0.05689732227420426,7.54721381135305
2024-07-16,-0.0001607717041800405,-0.0001607717041800405,0.0,0.0,1,1.0340979128575003,0.004670764232290144,1.0618450926554592,-0.004831535936470184,-0.006840565802227361,0.0572646483418966,7.191234103465593
2024-07-17,-0.0005468750000000077,-0.0005468750000000077,0.0,0.0,1,1.0335323905614062,0.0009780678289607048,1.0628836491799252,-0.0015249428289607126,-0.007383699867804405,0.0549085282330972,5.915669416219784
2024-07-18,-0.0027064346865506516,-0.0027064346865506516,0.0,0.0,1,1.0307352026499172,-0.004305801504009128,1.0583070831646995,0.0015993668174584768,-0.010070151052917753,0.05666818038769931,4.748680532710723
2024-07-19,0.0,-0.00035,0.35,0.00035,0,1.0303744453289898,0.0028084983517306927,1.0612793368633924,-0.003158498351730693,-0.010416626500049153,0.05562663005233005,3.8075360524616078
2024-07-22,0.0,0.0,0.0,0.0,0,1.0303744453289898,0.003428342686719802,1.0649177661164948,-0.003428342686719802,-0.010416626500049153,0.053296928086053005,4.81148588538438
2024-07-23,-0.001174283641639462,-0.001524283641639462,0.35,0.00035,1,1.0288038624172116,-0.002705905672954404,1.0620361990919303,0.0011816220313149422,-0.011925032248313427,0.05404427159577916,4.106769866294489
2024-07-24,0.0,-0.00035,0.35,0.00035,0,1.0284437810653655,0.00823197348732363,1.070778852925433,-0.008581973487323629,-0.012270858487026581,0.053773854222129644,3.416451463928958
2024-07-25,0.0,0.0,0.0,0.0,0,1.0284437810653655,-0.008612582882244979,1.0615566813060575,0.008612582882244979,-0.012270858487026581,0.05200930914574257,2.4614024238105294
2024-07-26,0.0,0.0,0.0,0.0,0,1.0284437810653655,0.010617635448017415,1.0728279031555725,-0.010617635448017415,-0.012270858487026581,0.047946892671914376,1.118104096129401
2024-07-29,0.001141178150328881,0.0004745114836622144,0.6666666666666666,0.0006666666666666666,2,1.028931789449782,0.004540009801948612,1.0776985523517029,-0.004065498318286398,-0.011802169666630835,0.04218450090995589,-0.4802760945305418
2024-07-30,0.0006678323926213219,1.1657259546553507e-06,0.6666666666666666,0.0006666666666666666,2,1.0289329889022745,-0.002525015627812932,1.0749773466649435,0.0025261813537675874,-0.011801017698771732,0.041077138799468754,-1.2590146532345363
2024-07-31,-0.0007644394110985719,-0.001114439411098572,0.35,0.00035,1,1.0277863054280623,0.003224855630614698,1.0784439934141192,-0.00433929504171327,-0.01290230559065586,0.040768321176432684,-2.031135252318478
2024-08-01,-0.001324145385758683,-0.0013408120524253495,0.016666666666666663,1.6666666666666664e-05,1,1.0264082371624266,0.004909800771429329,1.083738938564927,-0.006250612823854678,-0.014225818076241126,0.032263398148585025,-5.578229745515656
2024-08-02,-0.00043566282473417317,-0.00110232949140084,0.6666666666666666,0.0006666666666666666,3,1.0252767970923857,-0.00043566282473417317,1.0832667937976774,-0.0006666666666666668,-0.01531246602883718,0.03216930220438486,-5.443106764734937
2024-08-05,-0.0018736046420700183,-0.0018736046420700183,0.0,0.0,3,1.0233558337259467,-0.0018736046420700185,1.0812371801042178,2.168404344971009e-19,-0.017157381163474095,0.029384669021523004,-4.8608251003971175
2024-08-06,-0.005355914005720392,-0.005722580672387058,0.36666666666666664,0.00036666666666666667,2,1.017499597410892,-0.005768629845445905,1.0749999230370628,4.604917305884703e-05,-0.022781777338026332,0.02980625888865242,-8.864884755876629
2024-08-07,0.0025094896668072628,0.0025094896668072628,0.0,0.0,2,1.0200530021365752,0.0029374354143385517,1.0781576658814032,-0.00042794574753128893,-0.02032945830604027,0.03114049665561499,-8.075183316843766
2024-08-08,-0.0023719941109111944,-0.002738660777577861,0.36666666666666664,0.00036666666666666667,1,1.0172594229885732,-0.009604105915862174,1.0678029254642794,0.006865445138284313,-0.023012443593526055,0.03145311763401398,-9.123391027752987
2024-08-09,0.0024219457945465427,0.002405279127879876,0.016666666666666663,1.6666666666666664e-05,1,1.0197062158463268,-0.0007174692192984203,1.0670368097329819,0.0031227483471782964,-0.02066251581590317,0.028267229880239275,-6.416001573328191
2024-08-12,0.0,-0.00035,0.35,0.00035,0,1.0193493186707807,0.001316680676902197,1.0684417564819007,-0.001666680676902197,-0.02100528393536749,0.02824819275126987,-6.463364299194614
2024-08-13,0.0,0.0,0.0,0.0,0,1.0193493186707807,-0.004240607780063447,1.0639109140568188,0.004240607780063447,-0.02100528393536749,0.02829647094378294,-6.3807475296606455
2024-08-14,0.0,0.0,0.0,0.0,0,1.0193493186707807,-0.004596407682741166,1.059020745757696,0.004596407682741166,-0.02100528393536749,0.028406318806773048,-6.113499368008575
2024-08-15,0.0,0.0,0.0,0.0,0,1.0193493186707807,0.01574206750905553,1.075691921830904,-0.01574206750905553,-0.02100528393536749,0.027466085027446213,-5.0812096038681505
2024-08-16,0.0,0.0,0.0,0.0,0,1.0193493186707807,-0.01204777885374897,1.062732223441921,0.01204777885374897,-0.02100528393536749,0.027528559201480274,-4.909480878855859
2024-08-19,0.0,0.0,0.0,0.0,0,1.0193493186707807,-0.003970009033791151,1.0585131669143555,0.003970009033791151,-0.02100528393536749,0.027528559201480274,-4.909480878855859
2024-08-20,0.0,0.0,0.0,0.0,0,1.0193493186707807,0.003308662767240992,1.0620154300183593,-0.003308662767240992,-0.02100528393536749,0.027334039115701002,-4.241779293820558
2024-08-21,0.0,0.0,0.0,0.0,0,1.0193493186707807,-0.005407734141239222,1.0562723329189263,0.005407734141239222,-0.02100528393536749,0.027380930903777197,-4.073453949736803
2024-08-22,0.0,0.0,0.0,0.0,0,1.0193493186707807,0.0029239029982616924,1.059360770760129,-0.0029239029982616924,-0.02100528393536749,0.027380930903777197,-4.073453949736803
2024-08-23,-0.0011174968071520019,-0.001467496807152002,0.35,0.00035,1,1.0178534268002588,0.0062330585338774185,1.0659638284527704,-0.00770055534102942,-0.022441955555410953,0.027561220744977154,-4.717694550277611
2024-08-26,0.0,-0.00035,0.35,0.00035,0,1.0174971781008788,0.0011784503932895651,1.0672200139456431,-0.0015284503932895652,-0.022784100870966495,0.027322581420021915,-5.139128819608003
2024-08-27,0.0019486807068506027,0.0015986807068506027,0.35,0.00035,1,1.0191238312087836,0.004696646381614045,1.072232368962527,-0.003097965674763442,-0.021221844666601264,0.028325619587792613,-4.246529417286636
2024-08-28,-0.004108076863703847,-0.004458076863703846,0.35,0.00035,2,1.0145804988356226,-0.0017696488969558555,1.0703348941335122,-0.002688427966747991,-0.02558531291559174,0.03161828888723711,-5.136755164850751
2024-08-29,0.005893015387094158,0.005543015387094158,0.35,0.00035,1,1.020204334152114,0.0045785557001874295,1.0752354820641568,0.0009644596869067285,-0.020184117311672356,0.038335962829710565,-1.974104141937992
2024-08-30,0.004325780383457467,0.004325780383457467,0.0,0.0,1,1.0246175140479077,0.009688465966165424,1.0856528644377488,-0.005362685582707957,-0.015945648986939065,0.04153813686158519,-0.17538096637249756
2024-09-02,-0.003306354010744733,-0.003656354010744733,0.35,0.00035,2,1.0208711496909393,-0.006779119318471342,1.0782930941312852,0.0031227653077266094,-0.019543700060056457,0.04304297068682799,-0.6911149522145469
2024-09-03,0.008825309773908307,0.008825309773908307,0.0,0.0,2,1.0298806538262077,0.004610462669188298,1.083264524188221,0.0042148471047200094,-0.010890869493306532,0.04854456392222539,3.1631920566829765
2024-09-04,0.004131388086577503,0.004131388086577503,0.0,0.0,2,1.034135490490022,0.001984049688962745,1.085413774830501,0.002147338397614758,-0.006804475815206157,0.049713875668819754,3.4998618945364974
2024-09-05,-0.00010811737460978375,-0.00010811737460978375,0.0,0.0,2,1.0340236824757993,0.002048997906193728,1.0876377853824826,-0.0021571152808035118,-0.006911857507755248,0.04815994423007515,4.301012994759067
2024-09-06,-0.0005260710713828778,-0.0005260710713828778,0.0,0.0,2,1.033479712529324,-0.006569629947554834,1.0804924076155416,0.006043558876171955,-0.007434292450853697,0.04800557145810455,3.5454537521390157
2024-09-09,0.0031324368223236915,0.0031324368223236915,0.0,0.0,2,1.0367170224359754,0.006025804550231051,1.0870032436818413,-0.0028933677279073594,-0.0043251430799510215,0.04860675736687638,4.404330776380496
2024-09-10,-0.0042686349898206685,-0.0042686349898206685,0.0,0.0,2,1.0322916558794626,-0.008254645910518684,1.0780304168016623,0.003986010920698016,-0.008575315612684542,0.05184975619509248,3.091536938691031
2024-09-11,-0.002059564202881453,-0.002059564202881453,0.0,0.0,2,1.03016558493808,0.0017025735362725298,1.0798658428606058,-0.0037621377391539824,-0.010617218402501738,0.052693409487459875,2.5495584531290962
2024-09-12,0.0022893390856550894,0.0022893390856550894,0.0,0.0,2,1.0325239832763755,-0.002842725861153713,1.0767960803025294,0.005132064946808802,-0.008352185729916362,0.05301186732144118,3.078378640629327
2024-09-13,-0.005166149420937127,-0.005516149420937127,0.35,0.00035,1,1.0268284267039218,0.004187950338893816,1.081305648811952,-0.009704099759830942,-0.013822263246375921,0.05734462359546759,1.6337559039414011
2024-09-16,0.0010487092808851072,0.0010487092808851072,0.0,0.0,1,1.0279052712048828,0.0003779360018093166,1.0817143131455977,0.0006707732790757906,-0.012788049501240129,0.05737526523482648,1.8631871044084805
2024-09-17,0.005603217158176898,0.005603217158176898,0.0,0.0,1,1.0336648476574783,0.005828305971751176,1.088018875136633,-0.00022508881357427742,-0.007256486561448394,0.060203486230673786,2.9483573394813893
2024-09-18,-0.00013193606755121932,-0.00013193606755121932,0.0,0.0,1,1.0335284699823124,0.00493625646552065,1.0933896153436349,-0.005068192533071869,-0.007387465236698532,0.060225777078314356,2.9196633828531073
2024-09-19,0.0015046383588505406,0.0015046383588505406,0.0,0.0,1,1.035083556563212,0.0008173985127994943,1.0942833503891272,0.0006872398460510464,-0.005893942341417713,0.06023138650766175,3.2341516716731404
2024-09-20,-0.0008410934214478693,-0.0008410934214478693,0.0,0.0,1,1.0342129545931378,-0.004537397488018476,1.089318151863891,0.0036963040665706063,-0.006730078406735784,0.05996278299101614,3.3802654231573133
2024-09-23,0.0019917789613813244,0.0016417789613813244,0.35,0.00035,2,1.035910903663577,-0.0027537797961237898,1.0863184095457374,0.004395558757505114,-0.005099348746490984,0.059870974251951294,3.8046238562219172
2024-09-24,0.0015875966686496156,0.0012375966686496156,0.35,0.00035,1,1.0371929435469687,0.0002067936785914437,1.086543053325769,0.0010308029900581719,-0.0038680630148624218,0.05982910445799061,3.731242178455751
2024-09-25,0.003734805726999568,0.003384805726999568,0.35,0.00035,2,1.04070364016229,0.0005359090058941011,1.087125341533338,0.002848896721105467,-0.0004963499297079288,0.056945502888840246,5.655533490053118
2024-09-26,0.001397054287128796,0.001397054287128796,0.0,0.0,2,1.0421575596444093,-0.003540731676041964,1.083276122400743,0.00493778596317076,0.0,0.05468380225934243,4.934150108226831
2024-09-27,0.002075824856482056,0.002075824856482056,0.0,0.0,2,1.0443208962110897,0.00523901533278089,1.0889514226156358,-0.0031631904762988343,0.0,0.05347738349127376,4.515341503865851
2024-09-30,0.010475279464229081,0.010475279464229081,0.0,0.0,2,1.055260449449235,0.01703676901811879,1.1075036364746902,-0.00656148955388971,0.0,0.06038437962886978,6.947611841993536
2024-10-01,0.002000700751499984,0.002000700751499984,0.0,0.0,2,1.0573717098234763,0.005264526570513721,1.1133341187958519,-0.0032638258190137368,0.0,0.05419262618489477,6.1546594210190095
2024-10-02,-0.0039013505738557885,-0.0039013505738557885,0.0,0.0,2,1.0532465320965776,0.0004817675573802009,1.1138704870548122,-0.004383118131235989,-0.0039013505738557663,0.056138803763988956,4.138396877031295
2024-10-03,0.005578413270656257,0.005578413270656257,0.0,0.0,2,1.0591219765284978,0.004993917327743347,1.119433064180977,0.0005844959429129101,0.0,0.058340660986630176,5.21034440074613
2024-10-04,0.005238931834153215,0.004888931834153215,0.35,0.00035,1,1.0642999516757992,0.004244792806136692,1.124184825598764,0.0006441390280165233,0.0,0.05936549890244743,6.269701759415801
2024-10-07,0.003715756191003653,0.0036990895243369866,0.016666666666666663,1.6666666666666664e-05,1,1.0682368924777954,0.005475513056941457,1.1303403142897457,-0.0017764235326044706,0.0,0.059608652712516995,6.3639048980381006
2024-10-08,0.002822512284001766,0.0024891789506684323,0.3333333333333333,0.0003333333333333333,2,1.0708959252648786,0.005486411263417128,1.1365418261215594,-0.0029972323127486953,0.0,0.05561985275718895,8.351195294251573
2024-10-09,0.0004150746496763462,8.174131634301274e-05,0.3333333333333333,0.0003333333333333333,3,1.070983461707476,0.0004150746496763465,1.1370135758218793,-0.00033333333333333376,0.0,0.0541263280367971,9.080104266834958
2024-10-10,0.003635235841074761,0.003635235841074761,0.0,0.0,3,1.0748767391726732,0.003635235841074761,1.1411468883244955,0.0,0.0,0.05444803194603858,9.337913292756014
2024-10-11,0.0004841863731120202,0.0004841863731120202,0.0,0.0,3,1.0753971798425557,0.00048418637311202034,1.1416994160975413,-1.6263032587282567e-19,0.0,0.04710752386807288,12.397918300990701
2024-10-14,0.0010794139627552826,0.000712747296088616,0.36666666666666664,0.00036666666666666667,2,1.0761636662747098,0.0029066775028308753,1.1450179681053072,-0.0021939302067422593,0.0,0.04724245036969573,12.272905125213882
2024-10-15,0.001342313030501622,0.0009756463638349554,0.36666666666666664,0.00036666666666666667,3,1.077213621442602,0.0013423130305016222,1.1465549406440536,-0.00036666666666666683,0.0,0.045785273881458075,11.390009823057664
2024-10-16,0.0015176509402837397,0.0008509842736170731,0.6666666666666666,0.0006666666666666666,1,1.0781303132937758,0.002991249174602769,1.1499845721638917,-0.002140264900985696,0.0,0.0452887178304949,11.788355712742845
2024-10-17,-0.006216242857387915,-0.0065829095240545815,0.36666666666666664,0.00036666666666666667,2,1.0710330789862224,-0.006336457719926784,1.1426977435438073,-0.0002464518041277973,-0.006582909524054492,0.054835413634596285,7.877690412145809
2024-10-18,-0.0004628099173553501,-0.0008128099173553502,0.35,0.00035,1,1.0701625326778068,-0.0041233394592281964,1.137986012847882,0.0033105295418728465,-0.007390368787263624,0.05481802209730013,7.886690687589906
2024-10-21,0.005398874544852671,0.005398874544852671,0.0,0.0,1,1.0759402059343361,0.007216269562340782,1.1461980266747658,-0.001817395017488111,-0.002031393916333446,0.056351720841678096,8.512112524234482
2024-10-22,-0.0014604250880166424,-0.0014604250880166424,0.0,0.0,1,1.074368875864384,-0.0016413832160454556,1.1443166764715174,0.0001809581280288132,-0.0034888523057110543,0.05757508887494423,7.740797683745655
2024-10-23,0.008381941180696328,0.008031941180696328,0.35,0.00035,2,1.0829981434816975,0.011623277567409144,1.157617386827161,-0.003591336386712815,0.0,0.06153239506778495,8.19456191760015
2024-10-24,0.004200392106858258,0.004200392106858258,0.0,0.0,2,1.0875471603353202,0.00833573459865807,1.1672669781305445,-0.004135342491799812,0.0,0.0619705635259815,8.70660273443501
2024-10-25,-0.00040881417630615465,-0.00040881417630615465,0.0,0.0,2,1.0871025556387737,-0.0037026622207855984,1.16294498278905,0.003293848044479444,-0.00040881417630611594,0.06262936270465298,8.115149254087779
2024-10-28,-0.0024363854969166707,-0.0024363854969166707,0.0,0.0,2,1.0844539547385543,-0.0008213780860267436,1.1619897652649323,-0.001615007410889927,-0.002844203644292609,0.055910594762314955,6.180575416792675
2024-10-29,0.01645261230723616,0.01645261230723616,0.0,0.0,2,1.102296055220917,0.01882723196856828,1.1838668161206773,-0.0023746196613321224,0.0,0.07745255876837216,6.812605568093443
2024-10-30,0.0024085015672945576,0.0024085015672945576,0.0,0.0,2,1.104950936997539,0.006934900125381893,1.1920768142522282,-0.004526398558087336,0.0,0.07414240617430612,8.189076959271931
2024-10-31,-0.00031963267657901073,-0.00035296600991234386,0.033333333333333326,3.333333333333333e-05,2,1.104560926874158,0.002799751584093032,1.1954143332012914,-0.0031527175940053755,-0.0003529660099123033,0.0737683426587241,7.217492924234224
2024-11-01,-0.004577869587300665,-0.004911202920633998,0.3333333333333333,0.0003333333333333333,3,1.0991362040240755,-0.004577869587300665,1.1899418822811059,-0.00033333333333333305,-0.005262435442847546,0.07700789011721584,5.310375243874983
2024-11-04,0.00028024823029426616,0.00028024823029426616,0.0,0.0,3,1.0994442350001055,0.0002802482302942666,1.1902753613877681,-4.336808689942018e-19,-0.004983662000773381,0.07674106486797426,4.767504771871527
2024-11-05,0.0038711448676115685,0.0038711448676115685,0.0,0.0,3,1.1037003429076513,0.003871144867611568,1.194883089744049,4.336808689942018e-19,-0.0011318096107378883,0.07714455383995295,4.968285438596387
2024-11-06,0.005097530329339313,0.005097530329339313,0.0,0.0,3,1.109326488880125,0.005097530329339313,1.2009740425340338,0.0,0.0,0.07795376294257134,5.727434933483911
2024-11-07,0.00601275134089648,0.00601275134089648,0.0,0.0,3,1.115996593213631,0.006012751340896479,1.2081952008186623,8.673617379884035e-19,0.0,0.07915514570950806,6.018961826183988
2024-11-08,0.004738525760611994,0.004371859093945328,0.36666666666666664,0.00036666666666666667,2,1.120875573068484,0.0042786946251883355,1.2133646991305833,9.316446875699217e-05,0.0,0.07944139940229605,6.613887476897521
2024-11-11,0.0011539771007816279,0.0011539771007816279,0.0,0.0,2,1.1221690378126306,0.0004172754161312353,1.2138710063903322,0.0007367016846503926,0.0,0.07935570550448189,6.69108753828927
2024-11-12,-0.0005070405649627203,-0.0005403738982960537,0.033333333333333326,3.333333333333333e-05,2,1.1215626469551205,0.00019745540019677765,1.214110691775686,-0.0007378292984928313,-0.0005403738982960871,0.07982346428492988,6.412577072115116
2024-11-13,0.009056571211358388,0.009023237878025054,0.033333333333333326,3.333333333333333e-05,2,1.131682773513704,0.011437346562348738,1.2279968965225776,-0.0024141086843236844,0.0,0.08341120219081051,7.371246261375907
2024-11-14,0.0034912510881122865,0.0034579177547789533,0.033333333333333326,3.333333333333333e-05,2,1.1355960394690146,0.0018646165316343148,1.2302866398366292,0.0015933012231446385,0.0,0.07631879437831961,9.71397598793551
2024-11-15,-0.005707768002823835,-0.005707768002823835,0.0,0.0,2,1.1291143207307999,-0.006408315703753664,1.2224025746424458,0.0007005477009298291,-0.005707768002823799,0.08132646103907126,8.357457775222077
2024-11-18,0.0049028122806176935,0.0049028122806176935,0.0,0.0,2,1.1346501562887001,0.0016479778942497154,1.2244170670633305,0.0032548343863679783,-0.0008329398372652896,0.08112670759626625,8.300991123223081
2024-11-19,-0.002809205018309579,-0.0028425383516429126,0.033333333333333326,3.333333333333333e-05,2,1.131424869703752,-0.0006774957379841832,1.22358752971888,-0.0021650426136587296,-0.003673110525476142,0.08220175786660311,7.98057693067603
2024-11-20,-0.0015215475181231675,-0.0015215475181231675,0.0,0.0,2,1.1297033530013114,-0.005592001879891284,1.2167452259524805,0.004070454361768117,-0.0051890692313953934,0.08081699056308511,6.627857473460174
2024-11-21,0.002470928535413763,0.002470928535413763,0.0,0.0,2,1.1324947692527951,-0.0014957994919356048,1.2149252190616857,0.003966728027349368,-0.0027309625152175387,0.08046047439502656,6.386393539803262
2024-11-22,0.003324445925679087,0.002974445925679087,0.35,0.00035,1,1.135863313705052,0.0006676894459579641,1.2157364118080816,0.0023067564797211227,0.0,0.07999015209979628,6.956873022027104
2024-11-25,-0.006846318917134325,-0.006846318917134325,0.0,0.0,1,1.1280868312131542,-0.003135386807460653,1.211924607901149,-0.0037109321096736717,-0.006846318917134275,0.08477493923648939,5.908776515649419
2024-11-26,0.0010017678255744733,0.0010017678255744733,0.0,0.0,1,1.129216912305118,0.0009863421360986429,1.2131199802076968,1.5425689475830496e-05,-0.005851409513574546,0.06531687677795268,4.688459471941648
2024-11-27,-0.0008520104087970937,-0.0008520104087970937,0.0,0.0,1,1.1282548077420442,-0.00048283678309128203,1.2125342412589497,-0.00036917362570581164,-0.006698434460559954,0.06555179688293439,4.044939899694989
2024-11-28,0.0048005721979131775,0.0048005721979131775,0.0,0.0,1,1.1336710764042526,0.009401964157896217,1.2239344447354883,-0.00460139195998304,-0.0019300185808877046,0.0666302430342484,4.954021553807288
2024-11-29,0.0013073794305636709,0.0013073794305636709,0.0,0.0,1,1.1351532146505683,-0.003694570818275178,1.2194125322524867,0.005001950248838849,-0.0006251624169174574,0.0624550788303079,6.539769149310055
2024-12-02,0.002691862388355903,0.002691862388355903,0.0,0.0,1,1.1382088908941073,0.0013034796927661925,1.2210020117253824,0.0013883826955897107,0.0,0.062355113568186044,7.037564540138123
2024-12-03,0.0023840787853918743,0.0023840787853918743,0.0,0.0,1,1.1409224705642325,-0.00040528795423836844,1.2205071543179293,0.0027893667396302426,0.0,0.061903246512919285,6.786253180115684
2024-12-04,0.0002282360612976597,0.0002282360612976597,0.0,0.0,1,1.14118287021516,-0.0018055501895476074,1.2183034673941064,0.002033786250845267,0.0,0.06072610135484469,5.907476154845215
2024-12-05,0.0013685239491691092,0.0013685239491691092,0.0,0.0,1,1.1427446063034312,-0.0002851809651408521,1.2179560304354407,0.0016537049143099613,0.0,0.05825860751062269,5.153242472195249
2024-12-06,-0.0007099967543005625,-0.0007099967543005625,0.0,0.0,1,1.1419332613419613,-0.0009858328930458422,1.2167553293183537,0.0002758361387452797,-0.0007099967543006125,0.05736481503327107,4.117320813634769
2024-12-09,0.0028457598178713737,0.0028457598178713737,0.0,0.0,1,1.145182929131779,0.00874841347867017,1.227400008041606,-0.005902653660798796,0.0,0.05776253473410574,4.4580074321095
2024-12-10,-0.005137511089603996,-0.005137511089603996,0.0,0.0,1,1.1392995391337393,-0.00950930940586936,1.2157282816003718,0.004371798316265363,-0.00513751108960403,0.061589772250332096,3.2405036297332677
2024-12-11,-0.001604321846607193,-0.001604321846607193,0.0,0.0,1,1.1374717359932776,-0.013437346043778184,1.1993921199852997,0.01183302419717099,-0.006733590714932958,0.053813907910539145,1.2204025046918787
2024-12-12,-0.00103609900501605,-0.00103609900501605,0.0,0.0,1,1.136293202659381,0.0037127981896401354,1.2038452208770498,-0.0047488971946561855,-0.0077627130533090005,0.05262374884771051,0.17197590491040762
2024-12-13,0.0,-0.00035,0.35,0.00035,0,1.1358955000384503,-0.006062898253788029,1.1965464297895634,0.00571289825378803,-0.008109996103740302,0.04811078851801024,1.5912832863835518
2024-12-16,0.0,0.0,0.0,0.0,0,1.1358955000384503,0.005266411784407936,1.2028479360079984,-0.005266411784407936,-0.008109996103740302,0.04493777502854548,0.32895395729473204
2024-12-17,0.0,0.0,0.0,0.0,0,1.1358955000384503,-0.0007505716515900188,1.2019451124460574,0.0007505716515900188,-0.008109996103740302,0.04361714717637394,1.1600584961175255
2024-12-18,0.005347865946826957,0.004997865946826958,0.35,0.00035,1,1.1415725534772465,0.0043575881592855525,1.2071826942361634,0.0006402777875414052,-0.0031526628302691595,0.04626160874582274,2.869399820185002
2024-12-19,0.005162034714558006,0.005162034714558006,0.0,0.0,1,1.1474653906274828,-0.0023444277738672303,1.2043525415996643,0.007506462488425236,0.0,0.048684403720696115,3.4230878256213617
2024-12-20,-0.0009343484279216884,-0.0009343484279216884,0.0,0.0,1,1.1463932581436553,-0.0006686170477130382,1.2035472909588942,-0.0002657313802086502,-0.0009343484279217273,0.04819588359816111,2.4358964304382984
2024-12-23,-0.002428868841082582,-0.002428868841082582,0.0,0.0,1,1.143608819279323,-0.0013898610658592176,1.20187452743827,-0.0010390077752233642,-0.0033609478592211417,0.041374930159938234,4.182727344985341
2024-12-24,6.988120195662306e-05,6.988120195662306e-05,0.0,0.0,1,1.1436887360381824,0.005375569330073808,1.2083352872865643,-0.005305688128117185,-0.0032913015243406507,0.04141303736028527,3.8953501264785335
2024-12-25,0.0004541371394350735,0.0004541371394350735,0.0,0.0,1,1.144208127569171,-7.508264252501877e-05,1.2082445622801385,0.0005292197819600922,-0.002838659087164852,0.04104675583113784,4.331054570020685
2024-12-26,-0.0012908692185007564,-0.0012908692185007564,0.0,0.0,1,1.1427311045177335,0.004023228703511572,1.2131056064839658,-0.005314097922012329,-0.004125863968028165,0.038609128321546206,2.616572348870668
2024-12-27,0.0019609804902451233,0.0019609804902451233,0.0,0.0,1,1.144971977919289,0.006053143689798072,1.220448709030913,-0.004092163199552949,-0.0021729742165297328,0.038881407683598226,2.8100564624935997
2024-12-30,0.002896280677215895,0.002546280677215895,0.35,0.00035,2,1.1478873979426185,0.003673132741608076,1.2249315791435076,-0.001126852064392181,0.0,0.03877254112303088,2.7706365964228534
2024-12-31,-0.004239252470602123,-0.004239252470602123,0.0,0.0,2,1.1430212134549174,-0.004148635335684918,1.2198497847104766,-9.061713491720531e-05,-0.004239252470601973,0.04137733658370728,0.5793182820687807
2025-01-01,0.0005473470051038875,0.0005473470051038875,0.0,0.0,2,1.143646842692872,0.0020125577907786907,1.2223048028982753,-0.0014652107856748032,-0.003694225807641782,0.04140644702859225,0.6760165975816433
2025-01-02,-0.00219382835101255,-0.00254382835101255,0.35,0.00035,1,1.140737601430884,-0.009169057329868798,1.211097420085927,0.006625228978856248,-0.006228656682309763,0.04215278836389931,-0.5054041350754596
2025-01-03,-0.008263881225510033,-0.008613881225510033,0.35,0.00035,2,1.1309114232226853,-0.00529966898451073,1.2046790046514766,-0.0033142122409993025,-0.014788884998963803,0.05191464948570714,-2.328690245989206
2025-01-06,0.0015048268029528855,0.0011548268029528855,0.35,0.00035,1,1.1322174300459884,0.001974368210678682,1.2070574845823325,-0.0008195414077257967,-0.013651136796793528,0.050813334524130754,-2.7984562556460224
2025-01-07,-0.003590468497576715,-0.003590468497576715,0.0,0.0,1,1.128152239031001,-0.004060808082472889,1.2021558557929313,0.00047033958489617377,-0.01719259131774531,0.04923898732731477,-2.492052819731208
2025-01-08,0.0006284175304006822,0.0006284175304006822,0.0,0.0,1,1.128861189674969,-0.002683393202883836,1.1989299989406896,0.0033118107332845183,-0.01657497791312168,0.04920479002680491,-1.9220413502003482
2025-01-09,0.00179633401221998,0.00179633401221998,0.0,0.0,1,1.1308890014250572,0.0003170050198959921,1.1993100657688578,0.0014793289923239878,-0.014808418097478793,0.04972472246631751,-1.1842194812079287
2025-01-10,-0.007886205219646619,-0.007886205219646619,0.0,0.0,1,1.1219705786791778,-0.011639646895660586,1.1853505200848968,0.0037534416760139667,-0.022577841093030515,0.056669325757198435,-2.714716802330694
2025-01-13,0.0,-0.00035,0.35,0.00035,0,1.1215778889766401,0.009459724844174566,1.1965636098487993,-0.009809724844174566,-0.02291993884864796,0.05663292460368519,-2.794331599811473
2025-01-14,0.0,0.0,0.0,0.0,0,1.1215778889766401,-0.004066472983550414,1.1916978162562495,0.004066472983550414,-0.02291993884864796,0.05663292460368519,-2.794331599811473
2025-01-15,0.0,0.0,0.0,0.0,0,1.1215778889766401,0.0022224869400773173,1.1943463490893977,-0.0022224869400773173,-0.02291993884864796,0.0526893997421405,-4.198648738123784
2025-01-16,0.0,0.0,0.0,0.0,0,1.1215778889766401,0.003242829423001581,1.1982194105714794,-0.003242829423001581,-0.02291993884864796,0.04780038439667819,-5.988778599930303
2025-01-17,0.0,0.0,0.0,0.0,0,1.1215778889766401,-0.0037880177316137833,1.193680534197871,0.0037880177316137833,-0.02291993884864796,0.04796742578689507,-5.722490303543626
2025-01-20,0.0,0.0,0.0,0.0,0,1.1215778889766401,0.005883028094473571,1.200702990316383,-0.005883028094473571,-0.02291993884864796,0.04784241575149719,-5.097764770504562
2025-01-21,0.0,0.0,0.0,0.0,0,1.1215778889766401,-0.013291282396256246,1.1847441077980587,0.013291282396256246,-0.02291993884864796,0.04782295168233531,-5.118251301683679
2025-01-22,0.0,0.0,0.0,0.0,0,1.1215778889766401,0.005031759789043762,1.1907054555599834,-0.005031759789043762,-0.02291993884864796,0.047670342764733684,-5.254671943342167
2025-01-23,0.0,0.0,0.0,0.0,0,1.1215778889766401,0.0064998046419904405,1.1984448084072754,-0.0064998046419904405,-0.02291993884864796,0.047783811625904914,-4.9018077991764875
2025-01-24,0.008119887354163857,0.007419887354163858,0.7,0.0007,2,1.1298998705717676,0.006059894419944478,1.205707257414354,0.0013599929342193798,-0.01567011485890546,0.055473593338051866,-2.98240701677024
2025-01-27,0.0028458109396831462,0.0028458109396831462,0.0,0.0,2,1.1331153519841872,0.00481963995607478,1.2115183322875174,-0.0019738290163916336,-0.012868898103513882,0.0557126350877399,-2.901868713536304
