date,ticker,signal,confidence,target_weight,approved_weight,executed_weight
2024-01-02,AAA,0.0,0.1875,0.0,0.0,0.0
2024-01-03,AAA,0.0,0.1875,0.0,0.0,0.0
2024-01-04,AAA,0.0,0.1875,0.0,0.0,0.0
2024-01-05,AAA,0.0,0.1875,0.0,0.0,0.0
2024-01-08,AAA,0.0,0.1875,0.0,0.0,0.0
2024-01-09,AAA,0.0,0.1875,0.0,0.0,0.0
2024-01-10,AAA,0.0,0.1875,0.0,0.0,0.0
2024-01-11,AAA,0.0,0.1875,0.0,0.0,0.0
2024-01-12,AAA,0.0,0.1875,0.0,0.0,0.0
2024-01-15,AAA,0.0,0.1875,0.0,0.0,0.0
2024-01-16,AAA,0.0,0.1875,0.0,0.0,0.0
2024-01-17,AAA,0.0,0.1875,0.0,0.0,0.0
2024-01-18,AAA,0.0,0.1875,0.0,0.0,0.0
2024-01-19,AAA,0.0,0.1875,0.0,0.0,0.0
2024-01-22,AAA,0.0,0.1875,0.0,0.0,0.0
2024-01-23,AAA,0.0,0.1875,0.0,0.0,0.0
2024-01-24,AAA,0.0,0.1875,0.0,0.0,0.0
2024-01-25,AAA,0.0,0.1875,0.0,0.0,0.0
2024-01-26,AAA,0.0,0.1875,0.0,0.0,0.0
2024-01-29,AAA,1.0,0.306491130407894,0.3333333333333333,0.3333333333333333,0.0
2024-01-30,AAA,1.0,0.3872161606688512,0.3333333333333333,0.3333333333333333,0.3333333333333333
2024-01-31,AAA,1.0,0.39664086406591875,0.5,0.35,0.3333333333333333
2024-02-01,AAA,1.0,0.44506967775732337,0.5,0.35,0.35
2024-02-02,AAA,1.0,0.4617396061009931,0.5,0.35,0.35
2024-02-05,AAA,1.0,0.47472162909223303,0.5,0.35,0.35
2024-02-06,AAA,1.0,0.3525967758321519,0.5,0.35,0.35
2024-02-07,AAA,1.0,0.3569838617001013,0.5,0.35,0.35
2024-02-08,AAA,1.0,0.28021567186953783,0.5,0.0,0.35
2024-02-09,AAA,0.0,0.1875,0.0,0.0,0.0
2024-02-12,AAA,0.0,0.1875,0.0,0.0,0.0
2024-02-13,AAA,0.0,0.1875,0.0,0.0,0.0
2024-02-14,AAA,0.0,0.1875,0.0,0.0,0.0
2024-02-15,AAA,0.0,0.1875,0.0,0.0,0.0
2024-02-16,AAA,0.0,0.1875,0.0,0.0,0.0
2024-02-19,AAA,0.0,0.1875,0.0,0.0,0.0
2024-02-20,AAA,0.0,0.1875,0.0,0.0,0.0
2024-02-21,AAA,0.0,0.1875,0.0,0.0,0.0
2024-02-22,AAA,0.0,0.1875,0.0,0.0,0.0
2024-02-23,AAA,0.0,0.1875,0.0,0.0,0.0
2024-02-26,AAA,0.0,0.1875,0.0,0.0,0.0
2024-02-27,AAA,0.0,0.1875,0.0,0.0,0.0
2024-02-28,AAA,0.0,0.1875,0.0,0.0,0.0
2024-02-29,AAA,0.0,0.1875,0.0,0.0,0.0
2024-03-01,AAA,0.0,0.1875,0.0,0.0,0.0
2024-03-04,AAA,0.0,0.1875,0.0,0.0,0.0
2024-03-05,AAA,0.0,0.1875,0.0,0.0,0.0
2024-03-06,AAA,0.0,0.1875,0.0,0.0,0.0
2024-03-07,AAA,0.0,0.1875,0.0,0.0,0.0
2024-03-08,AAA,0.0,0.1875,0.0,0.0,0.0
2024-03-11,AAA,0.0,0.1875,0.0,0.0,0.0
2024-03-12,AAA,0.0,0.1875,0.0,0.0,0.0
2024-03-13,AAA,0.0,0.1875,0.0,0.0,0.0
2024-03-14,AAA,0.0,0.1875,0.0,0.0,0.0
2024-03-15,AAA,1.0,0.373158004032812,1.0,0.35,0.0
2024-03-18,AAA,1.0,0.38292734417467494,1.0,0.35,0.35
2024-03-19,AAA,1.0,0.3899922837825567,1.0,0.35,0.35
2024-03-20,AAA,1.0,0.4127319672401953,1.0,0.35,0.35
2024-03-21,AAA,1.0,0.4313669092390445,1.0,0.35,0.35
2024-03-22,AAA,1.0,0.46066210400005536,1.0,0.35,0.35
2024-03-25,AAA,1.0,0.4761383491567809,1.0,0.35,0.35
2024-03-26,AAA,1.0,0.4662855233665523,1.0,0.35,0.35
2024-03-27,AAA,1.0,0.35869654304311943,1.0,0.35,0.35
2024-03-28,AAA,1.0,0.3454032901109471,1.0,0.35,0.35
2024-03-29,AAA,1.0,0.2877847755560013,1.0,0.0,0.35
2024-04-01,AAA,1.0,0.30176901793838345,1.0,0.35,0.0
2024-04-02,AAA,1.0,0.3149355776129323,1.0,0.35,0.35
2024-04-03,AAA,1.0,0.27796654053168446,1.0,0.0,0.35
2024-04-04,AAA,0.0,0.1875,0.0,0.0,0.0
2024-04-05,AAA,0.0,0.1875,0.0,0.0,0.0
2024-04-08,AAA,0.0,0.1875,0.0,0.0,0.0
2024-04-09,AAA,0.0,0.1875,0.0,0.0,0.0
2024-04-10,AAA,0.0,0.1875,0.0,0.0,0.0
2024-04-11,AAA,1.0,0.27601055242241024,0.5,0.0,0.0
2024-04-12,AAA,0.0,0.1875,0.0,0.0,0.0
2024-04-15,AAA,0.0,0.1875,0.0,0.0,0.0
2024-04-16,AAA,0.0,0.1875,0.0,0.0,0.0
2024-04-17,AAA,0.0,0.1875,0.0,0.0,0.0
2024-04-18,AAA,0.0,0.1875,0.0,0.0,0.0
2024-04-19,AAA,0.0,0.1875,0.0,0.0,0.0
2024-04-22,AAA,0.0,0.1875,0.0,0.0,0.0
2024-04-23,AAA,0.0,0.1875,0.0,0.0,0.0
2024-04-24,AAA,0.0,0.1875,0.0,0.0,0.0
2024-04-25,AAA,0.0,0.1875,0.0,0.0,0.0
2024-04-26,AAA,0.0,0.1875,0.0,0.0,0.0
2024-04-29,AAA,0.0,0.1875,0.0,0.0,0.0
2024-04-30,AAA,0.0,0.1875,0.0,0.0,0.0
2024-05-01,AAA,0.0,0.1875,0.0,0.0,0.0
2024-05-02,AAA,0.0,0.1875,0.0,0.0,0.0
2024-05-03,AAA,0.0,0.1875,0.0,0.0,0.0
2024-05-06,AAA,0.0,0.1875,0.0,0.0,0.0
2024-05-07,AAA,0.0,0.1875,0.0,0.0,0.0
2024-05-08,AAA,0.0,0.1875,0.0,0.0,0.0
2024-05-09,AAA,0.0,0.1875,0.0,0.0,0.0
2024-05-10,AAA,0.0,0.1875,0.0,0.0,0.0
2024-05-13,AAA,0.0,0.1875,0.0,0.0,0.0
2024-05-14,AAA,0.0,0.1875,0.0,0.0,0.0
2024-05-15,AAA,0.0,0.1875,0.0,0.0,0.0
2024-05-16,AAA,0.0,0.1875,0.0,0.0,0.0
2024-05-17,AAA,0.0,0.1875,0.0,0.0,0.0
2024-05-20,AAA,0.0,0.1875,0.0,0.0,0.0
2024-05-21,AAA,0.0,0.1875,0.0,0.0,0.0
2024-05-22,AAA,0.0,0.1875,0.0,0.0,0.0
2024-05-23,AAA,0.0,0.1875,0.0,0.0,0.0
2024-05-24,AAA,0.0,0.1875,0.0,0.0,0.0
2024-05-27,AAA,0.0,0.1875,0.0,0.0,0.0
2024-05-28,AAA,1.0,0.286062127132563,0.5,0.0,0.0
2024-05-29,AAA,1.0,0.34256182178074573,0.3333333333333333,0.3333333333333333,0.0
2024-05-30,AAA,1.0,0.42525630702467476,0.3333333333333333,0.3333333333333333,0.3333333333333333
2024-05-31,AAA,1.0,0.503015425252454,0.3333333333333333,0.3333333333333333,0.3333333333333333
2024-06-03,AAA,1.0,0.5016704584431835,0.3333333333333333,0.3333333333333333,0.3333333333333333
2024-06-04,AAA,1.0,0.49830838679185663,0.3333333333333333,0.3333333333333333,0.3333333333333333
2024-06-05,AAA,1.0,0.45110213076833444,0.3333333333333333,0.3333333333333333,0.3333333333333333
2024-06-06,AAA,1.0,0.4821425099024813,0.3333333333333333,0.3333333333333333,0.3333333333333333
2024-06-07,AAA,1.0,0.47101223083445926,0.3333333333333333,0.3333333333333333,0.3333333333333333
2024-06-10,AAA,1.0,0.5092174216429459,0.5,0.35,0.3333333333333333
2024-06-11,AAA,1.0,0.46789385757233737,0.3333333333333333,0.3333333333333333,0.35
2024-06-12,AAA,1.0,0.4732960831557575,0.5,0.35,0.3333333333333333
2024-06-13,AAA,1.0,0.5041074685148335,0.3333333333333333,0.3333333333333333,0.35
2024-06-14,AAA,1.0,0.5204546229025462,0.3333333333333333,0.3333333333333333,0.3333333333333333
2024-06-17,AAA,1.0,0.4831211336205067,0.5,0.35,0.3333333333333333
2024-06-18,AAA,1.0,0.4675216795943616,0.5,0.35,0.35
2024-06-19,AAA,1.0,0.47806483811271216,0.5,0.35,0.35
2024-06-20,AAA,1.0,0.4791194487928895,0.5,0.35,0.35
2024-06-21,AAA,1.0,0.4614892964103874,0.5,0.35,0.35
2024-06-24,AAA,1.0,0.41451636308492956,0.5,0.35,0.35
2024-06-25,AAA,1.0,0.399188775511102,0.5,0.35,0.35
2024-06-26,AAA,1.0,0.38852537571587353,0.5,0.35,0.35
2024-06-27,AAA,1.0,0.3778015191516002,0.5,0.35,0.35
2024-06-28,AAA,1.0,0.3371241789830147,0.5,0.35,0.35
2024-07-01,AAA,1.0,0.4379107198114016,0.5,0.35,0.35
2024-07-02,AAA,1.0,0.42858599838729644,0.5,0.35,0.35
2024-07-03,AAA,1.0,0.4184890581142847,0.5,0.35,0.35
2024-07-04,AAA,1.0,0.47389909991419216,0.5,0.35,0.35
2024-07-05,AAA,1.0,0.5175042878637833,0.5,0.35,0.35
2024-07-08,AAA,1.0,0.4746439666710263,0.5,0.35,0.35
2024-07-09,AAA,1.0,0.48854374654217425,0.5,0.35,0.35
2024-07-10,AAA,1.0,0.45957777167785535,0.5,0.35,0.35
2024-07-11,AAA,1.0,0.38661425852252823,0.5,0.35,0.35
2024-07-12,AAA,1.0,0.39945230407252225,1.0,0.35,0.35
2024-07-15,AAA,1.0,0.3449219150258603,1.0,0.35,0.35
2024-07-16,AAA,1.0,0.34683211118436397,1.0,0.35,0.35
2024-07-17,AAA,1.0,0.3132100230600381,1.0,0.35,0.35
2024-07-18,AAA,0.0,0.1875,0.0,0.0,0.35
2024-07-19,AAA,0.0,0.1875,0.0,0.0,0.0
2024-07-22,AAA,1.0,0.30169172263959515,1.0,0.35,0.0
2024-07-23,AAA,1.0,0.2822062112759109,1.0,0.0,0.35
2024-07-24,AAA,1.0,0.2778676412290587,0.5,0.0,0.0
2024-07-25,AAA,1.0,0.2826468983256061,1.0,0.0,0.0
2024-07-26,AAA,1.0,0.3002110166723981,0.3333333333333333,0.3333333333333333,0.0
2024-07-29,AAA,1.0,0.29550266959211374,0.3333333333333333,0.0,0.3333333333333333
2024-07-30,AAA,0.0,0.1875,0.0,0.0,0.0
2024-07-31,AAA,1.0,0.2896185033939248,0.3333333333333333,0.0,0.0
2024-08-01,AAA,1.0,0.3559251919558215,0.3333333333333333,0.3333333333333333,0.0
2024-08-02,AAA,1.0,0.3207779408381085,0.3333333333333333,0.3333333333333333,0.3333333333333333
2024-08-05,AAA,0.0,0.1875,0.0,0.0,0.3333333333333333
2024-08-06,AAA,0.0,0.1875,0.0,0.0,0.0
2024-08-07,AAA,1.0,0.28498362568591856,0.3333333333333333,0.0,0.0
2024-08-08,AAA,0.0,0.1875,0.0,0.0,0.0
2024-08-09,AAA,0.0,0.1875,0.0,0.0,0.0
2024-08-12,AAA,1.0,0.27856711548878554,1.0,0.0,0.0
2024-08-13,AAA,0.0,0.1875,0.0,0.0,0.0
2024-08-14,AAA,0.0,0.1875,0.0,0.0,0.0
2024-08-15,AAA,1.0,0.27514004808131587,1.0,0.0,0.0
2024-08-16,AAA,0.0,0.1875,0.0,0.0,0.0
2024-08-19,AAA,0.0,0.1875,0.0,0.0,0.0
2024-08-20,AAA,1.0,0.2870808167625714,1.0,0.0,0.0
2024-08-21,AAA,0.0,0.1875,0.0,0.0,0.0
2024-08-22,AAA,1.0,0.3102300069989665,1.0,0.35,0.0
2024-08-23,AAA,0.0,0.1875,0.0,0.0,0.35
2024-08-26,AAA,0.0,0.1875,0.0,0.0,0.0
2024-08-27,AAA,1.0,0.30214967931109543,0.5,0.35,0.0
2024-08-28,AAA,0.0,0.1875,0.0,0.0,0.35
2024-08-29,AAA,0.0,0.1875,0.0,0.0,0.0
2024-08-30,AAA,0.0,0.1875,0.0,0.0,0.0
2024-09-02,AAA,0.0,0.1875,0.0,0.0,0.0
2024-09-03,AAA,0.0,0.1875,0.0,0.0,0.0
2024-09-04,AAA,0.0,0.1875,0.0,0.0,0.0
2024-09-05,AAA,0.0,0.1875,0.0,0.0,0.0
2024-09-06,AAA,0.0,0.1875,0.0,0.0,0.0
2024-09-09,AAA,0.0,0.1875,0.0,0.0,0.0
2024-09-10,AAA,0.0,0.1875,0.0,0.0,0.0
2024-09-11,AAA,0.0,0.1875,0.0,0.0,0.0
2024-09-12,AAA,0.0,0.1875,0.0,0.0,0.0
2024-09-13,AAA,0.0,0.1875,0.0,0.0,0.0
2024-09-16,AAA,0.0,0.1875,0.0,0.0,0.0
2024-09-17,AAA,0.0,0.1875,0.0,0.0,0.0
2024-09-18,AAA,0.0,0.1875,0.0,0.0,0.0
2024-09-19,AAA,0.0,0.1875,0.0,0.0,0.0
2024-09-20,AAA,0.0,0.1875,0.0,0.0,0.0
2024-09-23,AAA,0.0,0.1875,0.0,0.0,0.0
2024-09-24,AAA,0.0,0.1875,0.0,0.0,0.0
2024-09-25,AAA,0.0,0.1875,0.0,0.0,0.0
2024-09-26,AAA,0.0,0.1875,0.0,0.0,0.0
2024-09-27,AAA,0.0,0.1875,0.0,0.0,0.0
2024-09-30,AAA,0.0,0.1875,0.0,0.0,0.0
2024-10-01,AAA,0.0,0.1875,0.0,0.0,0.0
2024-10-02,AAA,0.0,0.1875,0.0,0.0,0.0
2024-10-03,AAA,0.0,0.1875,0.0,0.0,0.0
2024-10-04,AAA,1.0,0.2645843352224404,0.3333333333333333,0.0,0.0
2024-10-07,AAA,1.0,0.35084316645379476,0.3333333333333333,0.3333333333333333,0.0
2024-10-08,AAA,1.0,0.3336475504036449,0.3333333333333333,0.3333333333333333,0.3333333333333333
2024-10-09,AAA,1.0,0.37330743313026443,0.3333333333333333,0.3333333333333333,0.3333333333333333
2024-10-10,AAA,1.0,0.4128537998019454,0.3333333333333333,0.3333333333333333,0.3333333333333333
2024-10-11,AAA,0.0,0.1875,0.0,0.0,0.3333333333333333
2024-10-14,AAA,1.0,0.30580019578635104,0.3333333333333333,0.3333333333333333,0.0
2024-10-15,AAA,1.0,0.26788294615722014,0.3333333333333333,0.0,0.3333333333333333
2024-10-16,AAA,0.0,0.1875,0.0,0.0,0.0
2024-10-17,AAA,0.0,0.1875,0.0,0.0,0.0
2024-10-18,AAA,1.0,0.27038506563812453,0.5,0.0,0.0
2024-10-21,AAA,1.0,0.27706409856004005,0.5,0.0,0.0
2024-10-22,AAA,1.0,0.3371019278140116,0.5,0.35,0.0
2024-10-23,AAA,1.0,0.38217875721452754,0.5,0.35,0.35
2024-10-24,AAA,1.0,0.38464119272064135,0.5,0.35,0.35
2024-10-25,AAA,1.0,0.39304305883972457,0.5,0.35,0.35
2024-10-28,AAA,1.0,0.40074829042771487,0.5,0.35,0.35
2024-10-29,AAA,1.0,0.49244198579664056,0.5,0.35,0.35
2024-10-30,AAA,1.0,0.5134761951026547,0.3333333333333333,0.3333333333333333,0.35
2024-10-31,AAA,1.0,0.5395223109177799,0.3333333333333333,0.3333333333333333,0.3333333333333333
2024-11-01,AAA,1.0,0.5726686234133926,0.3333333333333333,0.3333333333333333,0.3333333333333333
2024-11-04,AAA,1.0,0.4839791586267214,0.3333333333333333,0.3333333333333333,0.3333333333333333
2024-11-05,AAA,1.0,0.49254457629633264,0.3333333333333333,0.3333333333333333,0.3333333333333333
2024-11-06,AAA,1.0,0.47829580062090615,0.3333333333333333,0.3333333333333333,0.3333333333333333
2024-11-07,AAA,1.0,0.5615466733533696,0.5,0.35,0.3333333333333333
2024-11-08,AAA,1.0,0.6433238506548231,0.5,0.35,0.35
2024-11-11,AAA,1.0,0.5770303177314429,0.3333333333333333,0.3333333333333333,0.35
2024-11-12,AAA,1.0,0.47154278277059497,0.5,0.35,0.3333333333333333
2024-11-13,AAA,1.0,0.4368664225998308,0.3333333333333333,0.3333333333333333,0.35
2024-11-14,AAA,1.0,0.446388439370079,0.3333333333333333,0.3333333333333333,0.3333333333333333
2024-11-15,AAA,1.0,0.40837048918528257,0.3333333333333333,0.3333333333333333,0.3333333333333333
2024-11-18,AAA,1.0,0.5374801388046531,0.5,0.35,0.3333333333333333
2024-11-19,AAA,1.0,0.4513124125276361,0.5,0.35,0.35
2024-11-20,AAA,1.0,0.4225276732549085,0.5,0.35,0.35
2024-11-21,AAA,1.0,0.38156542324024006,0.5,0.35,0.35
2024-11-22,AAA,1.0,0.3513320173300754,1.0,0.35,0.35
2024-11-25,AAA,1.0,0.31047840394833626,1.0,0.35,0.35
2024-11-26,AAA,1.0,0.33248210223234986,1.0,0.35,0.35
2024-11-27,AAA,1.0,0.3134740120275497,1.0,0.35,0.35
2024-11-28,AAA,1.0,0.33232600154131164,1.0,0.35,0.35
2024-11-29,AAA,1.0,0.3640454517961601,1.0,0.35,0.35
2024-12-02,AAA,1.0,0.3060740767359539,1.0,0.35,0.35
2024-12-03,AAA,1.0,0.3693831826617641,1.0,0.35,0.35
2024-12-04,AAA,1.0,0.36322807117775074,0.5,0.35,0.35
2024-12-05,AAA,1.0,0.356152521155781,1.0,0.35,0.35
2024-12-06,AAA,1.0,0.31736010423683914,1.0,0.35,0.35
2024-12-09,AAA,1.0,0.4189968793521897,1.0,0.35,0.35
2024-12-10,AAA,1.0,0.3522235065129811,1.0,0.35,0.35
2024-12-11,AAA,1.0,0.3440438511673815,1.0,0.35,0.35
2024-12-12,AAA,1.0,0.2853164705919569,1.0,0.0,0.35
2024-12-13,AAA,0.0,0.1875,0.0,0.0,0.0
2024-12-16,AAA,0.0,0.1875,0.0,0.0,0.0
2024-12-17,AAA,0.0,0.1875,0.0,0.0,0.0
2024-12-18,AAA,0.0,0.1875,0.0,0.0,0.0
2024-12-19,AAA,0.0,0.1875,0.0,0.0,0.0
2024-12-20,AAA,0.0,0.1875,0.0,0.0,0.0
2024-12-23,AAA,0.0,0.1875,0.0,0.0,0.0
2024-12-24,AAA,0.0,0.1875,0.0,0.0,0.0
2024-12-25,AAA,0.0,0.1875,0.0,0.0,0.0
2024-12-26,AAA,1.0,0.2806799238871607,0.5,0.0,0.0
2024-12-27,AAA,1.0,0.35931657945336903,0.5,0.35,0.0
2024-12-30,AAA,1.0,0.40061006751857553,0.5,0.35,0.35
2024-12-31,AAA,1.0,0.3825816946950976,0.5,0.35,0.35
2025-01-01,AAA,1.0,0.4023318471021272,0.5,0.35,0.35
2025-01-02,AAA,1.0,0.3567296420849575,0.5,0.35,0.35
2025-01-03,AAA,1.0,0.33265913403209424,1.0,0.35,0.35
2025-01-06,AAA,1.0,0.3825635945319099,1.0,0.35,0.35
2025-01-07,AAA,1.0,0.31606223125944877,1.0,0.35,0.35
2025-01-08,AAA,1.0,0.32332167525568717,1.0,0.35,0.35
2025-01-09,AAA,1.0,0.3294039688161883,1.0,0.35,0.35
2025-01-10,AAA,0.0,0.1875,0.0,0.0,0.35
2025-01-13,AAA,0.0,0.1875,0.0,0.0,0.0
2025-01-14,AAA,0.0,0.1875,0.0,0.0,0.0
2025-01-15,AAA,0.0,0.1875,0.0,0.0,0.0
2025-01-16,AAA,0.0,0.1875,0.0,0.0,0.0
2025-01-17,AAA,0.0,0.1875,0.0,0.0,0.0
2025-01-20,AAA,0.0,0.1875,0.0,0.0,0.0
2025-01-21,AAA,0.0,0.1875,0.0,0.0,0.0
2025-01-22,AAA,0.0,0.1875,0.0,0.0,0.0
2025-01-23,AAA,0.0,0.1875,0.0,0.0,0.0
2025-01-24,AAA,0.0,0.1875,0.0,0.0,0.0
2025-01-27,AAA,0.0,0.1875,0.0,0.0,0.0
2024-01-02,BBB,0.0,0.1875,0.0,0.0,0.0
2024-01-03,BBB,0.0,0.1875,0.0,0.0,0.0
2024-01-04,BBB,0.0,0.1875,0.0,0.0,0.0
2024-01-05,BBB,0.0,0.1875,0.0,0.0,0.0
2024-01-08,BBB,0.0,0.1875,0.0,0.0,0.0
2024-01-09,BBB,0.0,0.1875,0.0,0.0,0.0
2024-01-10,BBB,0.0,0.1875,0.0,0.0,0.0
2024-01-11,BBB,0.0,0.1875,0.0,0.0,0.0
2024-01-12,BBB,0.0,0.1875,0.0,0.0,0.0
2024-01-15,BBB,0.0,0.1875,0.0,0.0,0.0
2024-01-16,BBB,0.0,0.1875,0.0,0.0,0.0
2024-01-17,BBB,0.0,0.1875,0.0,0.0,0.0
2024-01-18,BBB,0.0,0.1875,0.0,0.0,0.0
2024-01-19,BBB,0.0,0.1875,0.0,0.0,0.0
2024-01-22,BBB,0.0,0.1875,0.0,0.0,0.0
2024-01-23,BBB,0.0,0.1875,0.0,0.0,0.0
2024-01-24,BBB,0.0,0.1875,0.0,0.0,0.0
2024-01-25,BBB,0.0,0.1875,0.0,0.0,0.0
2024-01-26,BBB,0.0,0.1875,0.0,0.0,0.0
2024-01-29,BBB,1.0,0.3898625085752663,0.3333333333333333,0.3333333333333333,0.0
2024-01-30,BBB,1.0,0.3668903195284755,0.3333333333333333,0.3333333333333333,0.3333333333333333
2024-01-31,BBB,1.0,0.2723876858158266,0.5,0.0,0.3333333333333333
2024-02-01,BBB,1.0,0.32030526082943483,0.5,0.35,0.0
2024-02-02,BBB,1.0,0.2899561702133554,0.5,0.0,0.35
2024-02-05,BBB,1.0,0.32089778896750715,0.5,0.35,0.0
2024-02-06,BBB,1.0,0.2871597628638365,0.5,0.0,0.35
2024-02-07,BBB,1.0,0.31251874107014643,0.5,0.35,0.0
2024-02-08,BBB,1.0,0.29157044013599287,0.5,0.0,0.35
2024-02-09,BBB,0.0,0.1875,0.0,0.0,0.0
2024-02-12,BBB,0.0,0.1875,0.0,0.0,0.0
2024-02-13,BBB,0.0,0.1875,0.0,0.0,0.0
2024-02-14,BBB,1.0,0.3674303586121884,1.0,0.35,0.0
2024-02-15,BBB,1.0,0.3265076958205342,0.5,0.35,0.35
2024-02-16,BBB,1.0,0.3974313433773947,0.5,0.35,0.35
2024-02-19,BBB,1.0,0.4071335179266175,1.0,0.35,0.35
2024-02-20,BBB,1.0,0.3640958963663289,1.0,0.35,0.35
2024-02-21,BBB,1.0,0.27473052821821287,1.0,0.0,0.35
2024-02-22,BBB,0.0,0.1875,0.0,0.0,0.0
2024-02-23,BBB,1.0,0.29577364158935454,1.0,0.0,0.0
2024-02-26,BBB,1.0,0.3359256012436091,1.0,0.35,0.0
2024-02-27,BBB,0.0,0.1875,0.0,0.0,0.35
2024-02-28,BBB,0.0,0.1875,0.0,0.0,0.0
2024-02-29,BBB,0.0,0.1875,0.0,0.0,0.0
2024-03-01,BBB,0.0,0.1875,0.0,0.0,0.0
2024-03-04,BBB,0.0,0.1875,0.0,0.0,0.0
2024-03-05,BBB,0.0,0.1875,0.0,0.0,0.0
2024-03-06,BBB,0.0,0.1875,0.0,0.0,0.0
2024-03-07,BBB,0.0,0.1875,0.0,0.0,0.0
2024-03-08,BBB,0.0,0.1875,0.0,0.0,0.0
2024-03-11,BBB,0.0,0.1875,0.0,0.0,0.0
2024-03-12,BBB,0.0,0.1875,0.0,0.0,0.0
2024-03-13,BBB,0.0,0.1875,0.0,0.0,0.0
2024-03-14,BBB,0.0,0.1875,0.0,0.0,0.0
2024-03-15,BBB,0.0,0.1875,0.0,0.0,0.0
2024-03-18,BBB,0.0,0.1875,0.0,0.0,0.0
2024-03-19,BBB,0.0,0.1875,0.0,0.0,0.0
2024-03-20,BBB,0.0,0.1875,0.0,0.0,0.0
2024-03-21,BBB,0.0,0.1875,0.0,0.0,0.0
2024-03-22,BBB,0.0,0.1875,0.0,0.0,0.0
2024-03-25,BBB,0.0,0.1875,0.0,0.0,0.0
2024-03-26,BBB,0.0,0.1875,0.0,0.0,0.0
2024-03-27,BBB,0.0,0.1875,0.0,0.0,0.0
2024-03-28,BBB,0.0,0.1875,0.0,0.0,0.0
2024-03-29,BBB,0.0,0.1875,0.0,0.0,0.0
2024-04-01,BBB,0.0,0.1875,0.0,0.0,0.0
2024-04-02,BBB,0.0,0.1875,0.0,0.0,0.0
2024-04-03,BBB,0.0,0.1875,0.0,0.0,0.0
2024-04-04,BBB,0.0,0.1875,0.0,0.0,0.0
2024-04-05,BBB,0.0,0.1875,0.0,0.0,0.0
2024-04-08,BBB,0.0,0.1875,0.0,0.0,0.0
2024-04-09,BBB,0.0,0.1875,0.0,0.0,0.0
2024-04-10,BBB,0.0,0.1875,0.0,0.0,0.0
2024-04-11,BBB,0.0,0.1875,0.0,0.0,0.0
2024-04-12,BBB,0.0,0.1875,0.0,0.0,0.0
2024-04-15,BBB,0.0,0.1875,0.0,0.0,0.0
2024-04-16,BBB,0.0,0.1875,0.0,0.0,0.0
2024-04-17,BBB,0.0,0.1875,0.0,0.0,0.0
2024-04-18,BBB,0.0,0.1875,0.0,0.0,0.0
2024-04-19,BBB,0.0,0.1875,0.0,0.0,0.0
2024-04-22,BBB,0.0,0.1875,0.0,0.0,0.0
2024-04-23,BBB,0.0,0.1875,0.0,0.0,0.0
2024-04-24,BBB,0.0,0.1875,0.0,0.0,0.0
2024-04-25,BBB,0.0,0.1875,0.0,0.0,0.0
2024-04-26,BBB,0.0,0.1875,0.0,0.0,0.0
2024-04-29,BBB,0.0,0.1875,0.0,0.0,0.0
2024-04-30,BBB,1.0,0.2662074246601292,0.5,0.0,0.0
2024-05-01,BBB,1.0,0.2976211664183489,0.5,0.0,0.0
2024-05-02,BBB,1.0,0.3720919382804702,0.5,0.35,0.0
2024-05-03,BBB,1.0,0.38009199840856056,0.5,0.35,0.35
2024-05-06,BBB,1.0,0.38333155922560713,0.5,0.35,0.35
2024-05-07,BBB,1.0,0.38055348523644805,0.5,0.35,0.35
2024-05-08,BBB,1.0,0.412025732987311,0.5,0.35,0.35
2024-05-09,BBB,1.0,0.40400355662857207,0.5,0.35,0.35
2024-05-10,BBB,1.0,0.49982009081854917,0.5,0.35,0.35
2024-05-13,BBB,1.0,0.49261140282818383,0.5,0.35,0.35
2024-05-14,BBB,1.0,0.37924415415088564,0.5,0.35,0.35
2024-05-15,BBB,1.0,0.3278905314352398,0.5,0.35,0.35
2024-05-16,BBB,1.0,0.30707671071592624,0.5,0.35,0.35
2024-05-17,BBB,1.0,0.27706262974772333,0.5,0.0,0.35
2024-05-20,BBB,1.0,0.26166412191354166,0.5,0.0,0.0
2024-05-21,BBB,1.0,0.30394677383214747,0.5,0.35,0.0
2024-05-22,BBB,0.0,0.1875,0.0,0.0,0.35
2024-05-23,BBB,0.0,0.1875,0.0,0.0,0.0
2024-05-24,BBB,0.0,0.1875,0.0,0.0,0.0
2024-05-27,BBB,0.0,0.1875,0.0,0.0,0.0
2024-05-28,BBB,0.0,0.1875,0.0,0.0,0.0
2024-05-29,BBB,1.0,0.292449046313082,0.3333333333333333,0.0,0.0
2024-05-30,BBB,1.0,0.2630787832657865,0.3333333333333333,0.0,0.0
2024-05-31,BBB,1.0,0.2855905380037931,0.3333333333333333,0.0,0.0
2024-06-03,BBB,1.0,0.30057866536648686,0.3333333333333333,0.3333333333333333,0.0
2024-06-04,BBB,1.0,0.31064453248325063,0.3333333333333333,0.3333333333333333,0.3333333333333333
2024-06-05,BBB,1.0,0.3881957380499122,0.3333333333333333,0.3333333333333333,0.3333333333333333
2024-06-06,BBB,1.0,0.44233918955199786,0.3333333333333333,0.3333333333333333,0.3333333333333333
2024-06-07,BBB,1.0,0.42309488727329025,0.3333333333333333,0.3333333333333333,0.3333333333333333
2024-06-10,BBB,1.0,0.47817610974724206,0.5,0.35,0.3333333333333333
2024-06-11,BBB,1.0,0.5142136862072213,0.3333333333333333,0.3333333333333333,0.35
2024-06-12,BBB,1.0,0.43652874682619996,0.5,0.35,0.3333333333333333
2024-06-13,BBB,1.0,0.4585662378980543,0.3333333333333333,0.3333333333333333,0.35
2024-06-14,BBB,1.0,0.4840440248721075,0.3333333333333333,0.3333333333333333,0.3333333333333333
2024-06-17,BBB,1.0,0.5190883155319682,0.5,0.35,0.3333333333333333
2024-06-18,BBB,1.0,0.508063772767918,0.5,0.35,0.35
2024-06-19,BBB,1.0,0.5002552551761557,0.5,0.35,0.35
2024-06-20,BBB,1.0,0.4671944378513524,0.5,0.35,0.35
2024-06-21,BBB,1.0,0.4897789292057169,0.5,0.35,0.35
2024-06-24,BBB,1.0,0.38005864771713394,0.5,0.35,0.35
2024-06-25,BBB,1.0,0.34751139028031736,0.5,0.35,0.35
2024-06-26,BBB,1.0,0.3914202034794023,0.5,0.35,0.35
2024-06-27,BBB,1.0,0.38934771513539695,0.5,0.35,0.35
2024-06-28,BBB,1.0,0.4110999820408645,0.5,0.35,0.35
2024-07-01,BBB,1.0,0.4198962541927541,0.5,0.35,0.35
2024-07-02,BBB,1.0,0.4378628511883745,0.5,0.35,0.35
2024-07-03,BBB,1.0,0.3952022719763522,0.5,0.35,0.35
2024-07-04,BBB,1.0,0.38888879622365297,0.5,0.35,0.35
2024-07-05,BBB,1.0,0.2814128674272633,0.5,0.0,0.35
2024-07-08,BBB,1.0,0.3226892957375929,0.5,0.35,0.0
2024-07-09,BBB,1.0,0.3412140842666751,0.5,0.35,0.35
2024-07-10,BBB,1.0,0.3579685950931828,0.5,0.35,0.35
2024-07-11,BBB,1.0,0.38606206041387275,0.5,0.35,0.35
2024-07-12,BBB,0.0,0.1875,0.0,0.0,0.35
2024-07-15,BBB,0.0,0.1875,0.0,0.0,0.0
2024-07-16,BBB,0.0,0.1875,0.0,0.0,0.0
2024-07-17,BBB,0.0,0.1875,0.0,0.0,0.0
2024-07-18,BBB,0.0,0.1875,0.0,0.0,0.0
2024-07-19,BBB,0.0,0.1875,0.0,0.0,0.0
2024-07-22,BBB,0.0,0.1875,0.0,0.0,0.0
2024-07-23,BBB,0.0,0.1875,0.0,0.0,0.0
2024-07-24,BBB,1.0,0.263124009752959,0.5,0.0,0.0
2024-07-25,BBB,0.0,0.1875,0.0,0.0,0.0
2024-07-26,BBB,1.0,0.2813893583079417,0.3333333333333333,0.0,0.0
2024-07-29,BBB,1.0,0.312181532384653,0.3333333333333333,0.3333333333333333,0.0
2024-07-30,BBB,1.0,0.2789153803633536,0.5,0.0,0.3333333333333333
2024-07-31,BBB,1.0,0.2932442300535512,0.3333333333333333,0.0,0.0
2024-08-01,BBB,1.0,0.3525341424946767,0.3333333333333333,0.3333333333333333,0.0
2024-08-02,BBB,1.0,0.3833811110266201,0.3333333333333333,0.3333333333333333,0.3333333333333333
2024-08-05,BBB,1.0,0.40353703022589826,0.5,0.35,0.3333333333333333
2024-08-06,BBB,1.0,0.33206086009513075,0.5,0.35,0.35
2024-08-07,BBB,1.0,0.2792472749364389,0.3333333333333333,0.0,0.35
2024-08-08,BBB,0.0,0.1875,0.0,0.0,0.0
2024-08-09,BBB,0.0,0.1875,0.0,0.0,0.0
2024-08-12,BBB,0.0,0.1875,0.0,0.0,0.0
2024-08-13,BBB,0.0,0.1875,0.0,0.0,0.0
2024-08-14,BBB,0.0,0.1875,0.0,0.0,0.0
2024-08-15,BBB,0.0,0.1875,0.0,0.0,0.0
2024-08-16,BBB,0.0,0.1875,0.0,0.0,0.0
2024-08-19,BBB,0.0,0.1875,0.0,0.0,0.0
2024-08-20,BBB,0.0,0.1875,0.0,0.0,0.0
2024-08-21,BBB,0.0,0.1875,0.0,0.0,0.0
2024-08-22,BBB,0.0,0.1875,0.0,0.0,0.0
2024-08-23,BBB,0.0,0.1875,0.0,0.0,0.0
2024-08-26,BBB,0.0,0.1875,0.0,0.0,0.0
2024-08-27,BBB,0.0,0.1875,0.0,0.0,0.0
2024-08-28,BBB,0.0,0.1875,0.0,0.0,0.0
2024-08-29,BBB,1.0,0.27501829478064044,0.5,0.0,0.0
2024-08-30,BBB,1.0,0.3349068360218581,0.5,0.35,0.0
2024-09-02,BBB,1.0,0.36266591522348346,0.5,0.35,0.35
2024-09-03,BBB,1.0,0.37891369172670186,0.5,0.35,0.35
2024-09-04,BBB,1.0,0.392371016290944,0.5,0.35,0.35
2024-09-05,BBB,1.0,0.42023158660341636,0.5,0.35,0.35
2024-09-06,BBB,1.0,0.3909168276213071,0.5,0.35,0.35
2024-09-09,BBB,1.0,0.39514317920604003,0.5,0.35,0.35
2024-09-10,BBB,1.0,0.32775799464780464,0.5,0.35,0.35
2024-09-11,BBB,1.0,0.313830212384621,0.5,0.35,0.35
2024-09-12,BBB,0.0,0.1875,0.0,0.0,0.35
2024-09-13,BBB,0.0,0.1875,0.0,0.0,0.0
2024-09-16,BBB,0.0,0.1875,0.0,0.0,0.0
2024-09-17,BBB,0.0,0.1875,0.0,0.0,0.0
2024-09-18,BBB,1.0,0.2881535285227694,0.5,0.0,0.0
2024-09-19,BBB,1.0,0.29685362705922413,0.5,0.0,0.0
2024-09-20,BBB,1.0,0.3205803895167941,0.5,0.35,0.0
2024-09-23,BBB,1.0,0.29229310244067713,0.5,0.0,0.35
2024-09-24,BBB,1.0,0.35152172008164595,0.5,0.35,0.0
2024-09-25,BBB,1.0,0.35160417528627347,0.5,0.35,0.35
2024-09-26,BBB,1.0,0.33604339576385106,0.5,0.35,0.35
2024-09-27,BBB,1.0,0.36350397333600504,0.5,0.35,0.35
2024-09-30,BBB,1.0,0.3850356388663459,0.5,0.35,0.35
2024-10-01,BBB,1.0,0.38367865732010237,0.5,0.35,0.35
2024-10-02,BBB,1.0,0.30401387232691496,0.5,0.35,0.35
2024-10-03,BBB,1.0,0.27433770138059316,0.5,0.0,0.35
2024-10-04,BBB,1.0,0.2947590096694777,0.3333333333333333,0.0,0.0
2024-10-07,BBB,1.0,0.2999771279274289,0.3333333333333333,0.0,0.0
2024-10-08,BBB,1.0,0.33740391400494546,0.3333333333333333,0.3333333333333333,0.0
2024-10-09,BBB,1.0,0.3572699722277877,0.3333333333333333,0.3333333333333333,0.3333333333333333
2024-10-10,BBB,1.0,0.3990538265549658,0.3333333333333333,0.3333333333333333,0.3333333333333333
2024-10-11,BBB,1.0,0.3560662723319634,0.5,0.35,0.3333333333333333
2024-10-14,BBB,1.0,0.3295947663104304,0.3333333333333333,0.3333333333333333,0.35
2024-10-15,BBB,1.0,0.29967802102730856,0.3333333333333333,0.0,0.3333333333333333
2024-10-16,BBB,1.0,0.3345842735804287,0.5,0.35,0.0
2024-10-17,BBB,0.0,0.1875,0.0,0.0,0.35
2024-10-18,BBB,0.0,0.1875,0.0,0.0,0.0
2024-10-21,BBB,0.0,0.1875,0.0,0.0,0.0
2024-10-22,BBB,0.0,0.1875,0.0,0.0,0.0
2024-10-23,BBB,0.0,0.1875,0.0,0.0,0.0
2024-10-24,BBB,0.0,0.1875,0.0,0.0,0.0
2024-10-25,BBB,0.0,0.1875,0.0,0.0,0.0
2024-10-28,BBB,0.0,0.1875,0.0,0.0,0.0
2024-10-29,BBB,0.0,0.1875,0.0,0.0,0.0
2024-10-30,BBB,1.0,0.2905807303147206,0.3333333333333333,0.0,0.0
2024-10-31,BBB,1.0,0.36325613807958407,0.3333333333333333,0.3333333333333333,0.0
2024-11-01,BBB,1.0,0.3387881339248727,0.3333333333333333,0.3333333333333333,0.3333333333333333
2024-11-04,BBB,1.0,0.36637346097852547,0.3333333333333333,0.3333333333333333,0.3333333333333333
2024-11-05,BBB,1.0,0.39763246600972807,0.3333333333333333,0.3333333333333333,0.3333333333333333
2024-11-06,BBB,1.0,0.33819113074300705,0.3333333333333333,0.3333333333333333,0.3333333333333333
2024-11-07,BBB,1.0,0.3444246549012377,0.5,0.35,0.3333333333333333
2024-11-08,BBB,1.0,0.3634433831306711,0.5,0.35,0.35
2024-11-11,BBB,1.0,0.39308634557457944,0.3333333333333333,0.3333333333333333,0.35
2024-11-12,BBB,1.0,0.36166059943797546,0.5,0.35,0.3333333333333333
2024-11-13,BBB,1.0,0.3891783734868619,0.3333333333333333,0.3333333333333333,0.35
2024-11-14,BBB,1.0,0.3657697460440657,0.3333333333333333,0.3333333333333333,0.3333333333333333
2024-11-15,BBB,1.0,0.37236402905687943,0.3333333333333333,0.3333333333333333,0.3333333333333333
2024-11-18,BBB,1.0,0.3288406581826501,0.5,0.35,0.3333333333333333
2024-11-19,BBB,1.0,0.34665825153371305,0.5,0.35,0.35
2024-11-20,BBB,1.0,0.34263624897046074,0.5,0.35,0.35
2024-11-21,BBB,1.0,0.2915390779728039,0.5,0.0,0.35
2024-11-22,BBB,0.0,0.1875,0.0,0.0,0.0
2024-11-25,BBB,0.0,0.1875,0.0,0.0,0.0
2024-11-26,BBB,0.0,0.1875,0.0,0.0,0.0
2024-11-27,BBB,0.0,0.1875,0.0,0.0,0.0
2024-11-28,BBB,0.0,0.1875,0.0,0.0,0.0
2024-11-29,BBB,0.0,0.1875,0.0,0.0,0.0
2024-12-02,BBB,0.0,0.1875,0.0,0.0,0.0
2024-12-03,BBB,0.0,0.1875,0.0,0.0,0.0
2024-12-04,BBB,0.0,0.1875,0.0,0.0,0.0
2024-12-05,BBB,0.0,0.1875,0.0,0.0,0.0
2024-12-06,BBB,0.0,0.1875,0.0,0.0,0.0
2024-12-09,BBB,0.0,0.1875,0.0,0.0,0.0
2024-12-10,BBB,0.0,0.1875,0.0,0.0,0.0
2024-12-11,BBB,0.0,0.1875,0.0,0.0,0.0
2024-12-12,BBB,0.0,0.1875,0.0,0.0,0.0
2024-12-13,BBB,0.0,0.1875,0.0,0.0,0.0
2024-12-16,BBB,0.0,0.1875,0.0,0.0,0.0
2024-12-17,BBB,1.0,0.32543933346171106,1.0,0.35,0.0
2024-12-18,BBB,1.0,0.3976293081029131,1.0,0.35,0.35
2024-12-19,BBB,1.0,0.42176290921607607,1.0,0.35,0.35
2024-12-20,BBB,1.0,0.43265867183051665,1.0,0.35,0.35
2024-12-23,BBB,1.0,0.3440868937326723,1.0,0.35,0.35
2024-12-24,BBB,1.0,0.32487602888714673,1.0,0.35,0.35
2024-12-25,BBB,1.0,0.37151334512824435,1.0,0.35,0.35
2024-12-26,BBB,1.0,0.33962521241198035,0.5,0.35,0.35
2024-12-27,BBB,1.0,0.4194424577820077,0.5,0.35,0.35
2024-12-30,BBB,1.0,0.38481147489556294,0.5,0.35,0.35
2024-12-31,BBB,1.0,0.31847462517924013,0.5,0.35,0.35
2025-01-01,BBB,0.0,0.1875,0.0,0.0,0.35
2025-01-02,BBB,0.0,0.1875,0.0,0.0,0.0
2025-01-03,BBB,0.0,0.1875,0.0,0.0,0.0
2025-01-06,BBB,0.0,0.1875,0.0,0.0,0.0
2025-01-07,BBB,0.0,0.1875,0.0,0.0,0.0
2025-01-08,BBB,0.0,0.1875,0.0,0.0,0.0
2025-01-09,BBB,0.0,0.1875,0.0,0.0,0.0
2025-01-10,BBB,0.0,0.1875,0.0,0.0,0.0
2025-01-13,BBB,0.0,0.1875,0.0,0.0,0.0
2025-01-14,BBB,0.0,0.1875,0.0,0.0,0.0
2025-01-15,BBB,0.0,0.1875,0.0,0.0,0.0
2025-01-16,BBB,0.0,0.1875,0.0,0.0,0.0
2025-01-17,BBB,0.0,0.1875,0.0,0.0,0.0
2025-01-20,BBB,0.0,0.1875,0.0,0.0,0.0
2025-01-21,BBB,0.0,0.1875,0.0,0.0,0.0
2025-01-22,BBB,0.0,0.1875,0.0,0.0,0.0
2025-01-23,BBB,1.0,0.34527152914141507,0.5,0.35,0.0
2025-01-24,BBB,1.0,0.3996551148988102,0.5,0.35,0.35
2025-01-27,BBB,1.0,0.43029389832378134,0.5,0.35,0.35
2024-01-02,CCC,0.0,0.1875,0.0,0.0,0.0
2024-01-03,CCC,0.0,0.1875,0.0,0.0,0.0
2024-01-04,CCC,0.0,0.1875,0.0,0.0,0.0
2024-01-05,CCC,0.0,0.1875,0.0,0.0,0.0
2024-01-08,CCC,0.0,0.1875,0.0,0.0,0.0
2024-01-09,CCC,0.0,0.1875,0.0,0.0,0.0
2024-01-10,CCC,0.0,0.1875,0.0,0.0,0.0
2024-01-11,CCC,0.0,0.1875,0.0,0.0,0.0
2024-01-12,CCC,0.0,0.1875,0.0,0.0,0.0
2024-01-15,CCC,0.0,0.1875,0.0,0.0,0.0
2024-01-16,CCC,0.0,0.1875,0.0,0.0,0.0
2024-01-17,CCC,0.0,0.1875,0.0,0.0,0.0
2024-01-18,CCC,0.0,0.1875,0.0,0.0,0.0
2024-01-19,CCC,0.0,0.1875,0.0,0.0,0.0
2024-01-22,CCC,0.0,0.1875,0.0,0.0,0.0
2024-01-23,CCC,0.0,0.1875,0.0,0.0,0.0
2024-01-24,CCC,0.0,0.1875,0.0,0.0,0.0
2024-01-25,CCC,0.0,0.1875,0.0,0.0,0.0
2024-01-26,CCC,0.0,0.1875,0.0,0.0,0.0
2024-01-29,CCC,1.0,0.3550194219795994,0.3333333333333333,0.3333333333333333,0.0
2024-01-30,CCC,1.0,0.34717197421260854,0.3333333333333333,0.3333333333333333,0.3333333333333333
2024-01-31,CCC,0.0,0.1875,0.0,0.0,0.3333333333333333
2024-02-01,CCC,0.0,0.1875,0.0,0.0,0.0
2024-02-02,CCC,0.0,0.1875,0.0,0.0,0.0
2024-02-05,CCC,0.0,0.1875,0.0,0.0,0.0
2024-02-06,CCC,0.0,0.1875,0.0,0.0,0.0
2024-02-07,CCC,0.0,0.1875,0.0,0.0,0.0
2024-02-08,CCC,0.0,0.1875,0.0,0.0,0.0
2024-02-09,CCC,0.0,0.1875,0.0,0.0,0.0
2024-02-12,CCC,1.0,0.26406896466436575,1.0,0.0,0.0
2024-02-13,CCC,1.0,0.3072588925702087,1.0,0.35,0.0
2024-02-14,CCC,0.0,0.1875,0.0,0.0,0.35
2024-02-15,CCC,1.0,0.38174413178822447,0.5,0.35,0.0
2024-02-16,CCC,1.0,0.3795620119256018,0.5,0.35,0.35
2024-02-19,CCC,0.0,0.1875,0.0,0.0,0.35
2024-02-20,CCC,0.0,0.1875,0.0,0.0,0.0
2024-02-21,CCC,0.0,0.1875,0.0,0.0,0.0
2024-02-22,CCC,0.0,0.1875,0.0,0.0,0.0
2024-02-23,CCC,0.0,0.1875,0.0,0.0,0.0
2024-02-26,CCC,0.0,0.1875,0.0,0.0,0.0
2024-02-27,CCC,0.0,0.1875,0.0,0.0,0.0
2024-02-28,CCC,0.0,0.1875,0.0,0.0,0.0
2024-02-29,CCC,0.0,0.1875,0.0,0.0,0.0
2024-03-01,CCC,0.0,0.1875,0.0,0.0,0.0
2024-03-04,CCC,0.0,0.1875,0.0,0.0,0.0
2024-03-05,CCC,0.0,0.1875,0.0,0.0,0.0
2024-03-06,CCC,0.0,0.1875,0.0,0.0,0.0
2024-03-07,CCC,0.0,0.1875,0.0,0.0,0.0
2024-03-08,CCC,0.0,0.1875,0.0,0.0,0.0
2024-03-11,CCC,0.0,0.1875,0.0,0.0,0.0
2024-03-12,CCC,0.0,0.1875,0.0,0.0,0.0
2024-03-13,CCC,0.0,0.1875,0.0,0.0,0.0
2024-03-14,CCC,0.0,0.1875,0.0,0.0,0.0
2024-03-15,CCC,0.0,0.1875,0.0,0.0,0.0
2024-03-18,CCC,0.0,0.1875,0.0,0.0,0.0
2024-03-19,CCC,0.0,0.1875,0.0,0.0,0.0
2024-03-20,CCC,0.0,0.1875,0.0,0.0,0.0
2024-03-21,CCC,0.0,0.1875,0.0,0.0,0.0
2024-03-22,CCC,0.0,0.1875,0.0,0.0,0.0
2024-03-25,CCC,0.0,0.1875,0.0,0.0,0.0
2024-03-26,CCC,0.0,0.1875,0.0,0.0,0.0
2024-03-27,CCC,0.0,0.1875,0.0,0.0,0.0
2024-03-28,CCC,0.0,0.1875,0.0,0.0,0.0
2024-03-29,CCC,0.0,0.1875,0.0,0.0,0.0
2024-04-01,CCC,0.0,0.1875,0.0,0.0,0.0
2024-04-02,CCC,0.0,0.1875,0.0,0.0,0.0
2024-04-03,CCC,0.0,0.1875,0.0,0.0,0.0
2024-04-04,CCC,0.0,0.1875,0.0,0.0,0.0
2024-04-05,CCC,1.0,0.33351371661318624,1.0,0.35,0.0
2024-04-08,CCC,0.0,0.1875,0.0,0.0,0.35
2024-04-09,CCC,1.0,0.32183780166227643,1.0,0.35,0.0
2024-04-10,CCC,1.0,0.3174753867084386,1.0,0.35,0.35
2024-04-11,CCC,1.0,0.2985285796825318,0.5,0.0,0.35
2024-04-12,CCC,0.0,0.1875,0.0,0.0,0.0
2024-04-15,CCC,1.0,0.33218354510462483,1.0,0.35,0.0
2024-04-16,CCC,0.0,0.1875,0.0,0.0,0.35
2024-04-17,CCC,1.0,0.2965813584709396,1.0,0.0,0.0
2024-04-18,CCC,1.0,0.2961649698479382,1.0,0.0,0.0
2024-04-19,CCC,0.0,0.1875,0.0,0.0,0.0
2024-04-22,CCC,1.0,0.2840277627136071,1.0,0.0,0.0
2024-04-23,CCC,1.0,0.2747780620122833,1.0,0.0,0.0
2024-04-24,CCC,0.0,0.1875,0.0,0.0,0.0
2024-04-25,CCC,0.0,0.1875,0.0,0.0,0.0
2024-04-26,CCC,1.0,0.29006132789777156,1.0,0.0,0.0
2024-04-29,CCC,1.0,0.2980731180657631,1.0,0.0,0.0
2024-04-30,CCC,1.0,0.3690100730722222,0.5,0.35,0.0
2024-05-01,CCC,1.0,0.33542872553287895,0.5,0.35,0.35
2024-05-02,CCC,1.0,0.3033856413908483,0.5,0.35,0.35
2024-05-03,CCC,1.0,0.3444160853725447,0.5,0.35,0.35
2024-05-06,CCC,1.0,0.37363784796267624,0.5,0.35,0.35
2024-05-07,CCC,1.0,0.37637253255879966,0.5,0.35,0.35
2024-05-08,CCC,1.0,0.36975560408995817,0.5,0.35,0.35
2024-05-09,CCC,1.0,0.40499759271151825,0.5,0.35,0.35
2024-05-10,CCC,1.0,0.40063068753010717,0.5,0.35,0.35
2024-05-13,CCC,1.0,0.3569512875204354,0.5,0.35,0.35
2024-05-14,CCC,1.0,0.33969557486381424,0.5,0.35,0.35
2024-05-15,CCC,1.0,0.31911994667920207,0.5,0.35,0.35
2024-05-16,CCC,1.0,0.3509351776618512,0.5,0.35,0.35
2024-05-17,CCC,1.0,0.3353888682450565,0.5,0.35,0.35
2024-05-20,CCC,1.0,0.3348120019298633,0.5,0.35,0.35
2024-05-21,CCC,1.0,0.36296482331888263,0.5,0.35,0.35
2024-05-22,CCC,1.0,0.3682833289431113,1.0,0.35,0.35
2024-05-23,CCC,1.0,0.3303132753010164,1.0,0.35,0.35
2024-05-24,CCC,1.0,0.3413932491883362,1.0,0.35,0.35
2024-05-27,CCC,1.0,0.3427298888316064,1.0,0.35,0.35
2024-05-28,CCC,1.0,0.35091264063308975,0.5,0.35,0.35
2024-05-29,CCC,1.0,0.42242878464884676,0.3333333333333333,0.3333333333333333,0.35
2024-05-30,CCC,1.0,0.41330397256276136,0.3333333333333333,0.3333333333333333,0.3333333333333333
2024-05-31,CCC,1.0,0.3385409187672856,0.3333333333333333,0.3333333333333333,0.3333333333333333
2024-06-03,CCC,1.0,0.30105486628039785,0.3333333333333333,0.3333333333333333,0.3333333333333333
2024-06-04,CCC,1.0,0.3068949183087551,0.3333333333333333,0.3333333333333333,0.3333333333333333
2024-06-05,CCC,1.0,0.35185424153487665,0.3333333333333333,0.3333333333333333,0.3333333333333333
2024-06-06,CCC,1.0,0.2821864915843752,0.3333333333333333,0.0,0.3333333333333333
2024-06-07,CCC,1.0,0.2913560800717684,0.3333333333333333,0.0,0.0
2024-06-10,CCC,0.0,0.1875,0.0,0.0,0.0
2024-06-11,CCC,1.0,0.2760588919428372,0.3333333333333333,0.0,0.0
2024-06-12,CCC,0.0,0.1875,0.0,0.0,0.0
2024-06-13,CCC,1.0,0.2684387246289827,0.3333333333333333,0.0,0.0
2024-06-14,CCC,1.0,0.3394532275464088,0.3333333333333333,0.3333333333333333,0.0
2024-06-17,CCC,0.0,0.1875,0.0,0.0,0.3333333333333333
2024-06-18,CCC,0.0,0.1875,0.0,0.0,0.0
2024-06-19,CCC,0.0,0.1875,0.0,0.0,0.0
2024-06-20,CCC,0.0,0.1875,0.0,0.0,0.0
2024-06-21,CCC,0.0,0.1875,0.0,0.0,0.0
2024-06-24,CCC,0.0,0.1875,0.0,0.0,0.0
2024-06-25,CCC,0.0,0.1875,0.0,0.0,0.0
2024-06-26,CCC,0.0,0.1875,0.0,0.0,0.0
2024-06-27,CCC,0.0,0.1875,0.0,0.0,0.0
2024-06-28,CCC,0.0,0.1875,0.0,0.0,0.0
2024-07-01,CCC,0.0,0.1875,0.0,0.0,0.0
2024-07-02,CCC,0.0,0.1875,0.0,0.0,0.0
2024-07-03,CCC,0.0,0.1875,0.0,0.0,0.0
2024-07-04,CCC,0.0,0.1875,0.0,0.0,0.0
2024-07-05,CCC,0.0,0.1875,0.0,0.0,0.0
2024-07-08,CCC,0.0,0.1875,0.0,0.0,0.0
2024-07-09,CCC,0.0,0.1875,0.0,0.0,0.0
2024-07-10,CCC,0.0,0.1875,0.0,0.0,0.0
2024-07-11,CCC,0.0,0.1875,0.0,0.0,0.0
2024-07-12,CCC,0.0,0.1875,0.0,0.0,0.0
2024-07-15,CCC,0.0,0.1875,0.0,0.0,0.0
2024-07-16,CCC,0.0,0.1875,0.0,0.0,0.0
2024-07-17,CCC,0.0,0.1875,0.0,0.0,0.0
2024-07-18,CCC,0.0,0.1875,0.0,0.0,0.0
2024-07-19,CCC,0.0,0.1875,0.0,0.0,0.0
2024-07-22,CCC,0.0,0.1875,0.0,0.0,0.0
2024-07-23,CCC,0.0,0.1875,0.0,0.0,0.0
2024-07-24,CCC,0.0,0.1875,0.0,0.0,0.0
2024-07-25,CCC,0.0,0.1875,0.0,0.0,0.0
2024-07-26,CCC,1.0,0.37801830961845373,0.3333333333333333,0.3333333333333333,0.0
2024-07-29,CCC,1.0,0.3962968356727187,0.3333333333333333,0.3333333333333333,0.3333333333333333
2024-07-30,CCC,1.0,0.3853777378109045,0.5,0.35,0.3333333333333333
2024-07-31,CCC,1.0,0.37001675035588016,0.3333333333333333,0.3333333333333333,0.35
2024-08-01,CCC,1.0,0.34499707319870543,0.3333333333333333,0.3333333333333333,0.3333333333333333
2024-08-02,CCC,1.0,0.3213466568271413,0.3333333333333333,0.3333333333333333,0.3333333333333333
2024-08-05,CCC,1.0,0.30838302403963935,0.5,0.35,0.3333333333333333
2024-08-06,CCC,1.0,0.33635402685036303,0.5,0.35,0.35
2024-08-07,CCC,1.0,0.3139891199962802,0.3333333333333333,0.3333333333333333,0.35
2024-08-08,CCC,1.0,0.3131696258234194,1.0,0.35,0.3333333333333333
2024-08-09,CCC,0.0,0.1875,0.0,0.0,0.35
2024-08-12,CCC,0.0,0.1875,0.0,0.0,0.0
2024-08-13,CCC,0.0,0.1875,0.0,0.0,0.0
2024-08-14,CCC,0.0,0.1875,0.0,0.0,0.0
2024-08-15,CCC,0.0,0.1875,0.0,0.0,0.0
2024-08-16,CCC,0.0,0.1875,0.0,0.0,0.0
2024-08-19,CCC,0.0,0.1875,0.0,0.0,0.0
2024-08-20,CCC,0.0,0.1875,0.0,0.0,0.0
2024-08-21,CCC,0.0,0.1875,0.0,0.0,0.0
2024-08-22,CCC,0.0,0.1875,0.0,0.0,0.0
2024-08-23,CCC,1.0,0.29282892369404157,1.0,0.0,0.0
2024-08-26,CCC,1.0,0.3399872758107171,1.0,0.35,0.0
2024-08-27,CCC,1.0,0.38873054030668136,0.5,0.35,0.35
2024-08-28,CCC,1.0,0.39857146452286507,1.0,0.35,0.35
2024-08-29,CCC,1.0,0.35444379497847867,0.5,0.35,0.35
2024-08-30,CCC,1.0,0.4581905608344916,0.5,0.35,0.35
2024-09-02,CCC,1.0,0.42017930136558684,0.5,0.35,0.35
2024-09-03,CCC,1.0,0.49324754791867476,0.5,0.35,0.35
2024-09-04,CCC,1.0,0.5709392111292093,0.5,0.35,0.35
2024-09-05,CCC,1.0,0.5088054404768894,0.5,0.35,0.35
2024-09-06,CCC,1.0,0.45360370237874403,0.5,0.35,0.35
2024-09-09,CCC,1.0,0.4677036972807747,0.5,0.35,0.35
2024-09-10,CCC,1.0,0.4694709930182336,0.5,0.35,0.35
2024-09-11,CCC,1.0,0.4530727220489197,0.5,0.35,0.35
2024-09-12,CCC,1.0,0.4239422835766792,1.0,0.35,0.35
2024-09-13,CCC,1.0,0.3262693156760101,1.0,0.35,0.35
2024-09-16,CCC,1.0,0.36374085139797474,1.0,0.35,0.35
2024-09-17,CCC,1.0,0.3341454556327449,1.0,0.35,0.35
2024-09-18,CCC,1.0,0.3078885608742127,0.5,0.35,0.35
2024-09-19,CCC,1.0,0.35014383154154427,0.5,0.35,0.35
2024-09-20,CCC,1.0,0.328499864440639,0.5,0.35,0.35
2024-09-23,CCC,1.0,0.34351086827070826,0.5,0.35,0.35
2024-09-24,CCC,1.0,0.33937199194707485,0.5,0.35,0.35
2024-09-25,CCC,1.0,0.3998004314700941,0.5,0.35,0.35
2024-09-26,CCC,1.0,0.4106752388716749,0.5,0.35,0.35
2024-09-27,CCC,1.0,0.42722226188293805,0.5,0.35,0.35
2024-09-30,CCC,1.0,0.5174867318049987,0.5,0.35,0.35
2024-10-01,CCC,1.0,0.46067248326597804,0.5,0.35,0.35
2024-10-02,CCC,1.0,0.4650552570057098,0.5,0.35,0.35
2024-10-03,CCC,1.0,0.5035572885470111,0.5,0.35,0.35
2024-10-04,CCC,1.0,0.5676797778861833,0.3333333333333333,0.3333333333333333,0.35
2024-10-07,CCC,1.0,0.5629020936368506,0.3333333333333333,0.3333333333333333,0.3333333333333333
2024-10-08,CCC,1.0,0.605315317647354,0.3333333333333333,0.3333333333333333,0.3333333333333333
2024-10-09,CCC,1.0,0.5412592962853825,0.3333333333333333,0.3333333333333333,0.3333333333333333
2024-10-10,CCC,1.0,0.5398766519874134,0.3333333333333333,0.3333333333333333,0.3333333333333333
2024-10-11,CCC,1.0,0.5948528694644052,0.5,0.35,0.3333333333333333
2024-10-14,CCC,1.0,0.522246730480854,0.3333333333333333,0.3333333333333333,0.35
2024-10-15,CCC,1.0,0.5514309595456299,0.3333333333333333,0.3333333333333333,0.3333333333333333
2024-10-16,CCC,1.0,0.5662001295278984,0.5,0.35,0.3333333333333333
2024-10-17,CCC,1.0,0.48502294831391124,1.0,0.35,0.35
2024-10-18,CCC,1.0,0.42550324757266456,0.5,0.35,0.35
2024-10-21,CCC,1.0,0.44051541050735266,0.5,0.35,0.35
2024-10-22,CCC,1.0,0.36633021547532185,0.5,0.35,0.35
2024-10-23,CCC,1.0,0.43207166637636235,0.5,0.35,0.35
2024-10-24,CCC,1.0,0.45572326300622856,0.5,0.35,0.35
2024-10-25,CCC,1.0,0.45400423422520253,0.5,0.35,0.35
2024-10-28,CCC,1.0,0.37109866331931834,0.5,0.35,0.35
2024-10-29,CCC,1.0,0.41785001181811776,0.5,0.35,0.35
2024-10-30,CCC,1.0,0.3799719067807331,0.3333333333333333,0.3333333333333333,0.35
2024-10-31,CCC,1.0,0.3790502253256445,0.3333333333333333,0.3333333333333333,0.3333333333333333
2024-11-01,CCC,1.0,0.3667921137479201,0.3333333333333333,0.3333333333333333,0.3333333333333333
2024-11-04,CCC,1.0,0.3480224386648215,0.3333333333333333,0.3333333333333333,0.3333333333333333
2024-11-05,CCC,1.0,0.371094820384375,0.3333333333333333,0.3333333333333333,0.3333333333333333
2024-11-06,CCC,1.0,0.37513782381199673,0.3333333333333333,0.3333333333333333,0.3333333333333333
2024-11-07,CCC,0.0,0.1875,0.0,0.0,0.3333333333333333
2024-11-08,CCC,0.0,0.1875,0.0,0.0,0.0
2024-11-11,CCC,1.0,0.2898689025499054,0.3333333333333333,0.0,0.0
2024-11-12,CCC,0.0,0.1875,0.0,0.0,0.0
2024-11-13,CCC,1.0,0.273598000521057,0.3333333333333333,0.0,0.0
2024-11-14,CCC,1.0,0.27996234732665887,0.3333333333333333,0.0,0.0
2024-11-15,CCC,1.0,0.28943900076167395,0.3333333333333333,0.0,0.0
2024-11-18,CCC,0.0,0.1875,0.0,0.0,0.0
2024-11-19,CCC,0.0,0.1875,0.0,0.0,0.0
2024-11-20,CCC,0.0,0.1875,0.0,0.0,0.0
2024-11-21,CCC,0.0,0.1875,0.0,0.0,0.0
2024-11-22,CCC,0.0,0.1875,0.0,0.0,0.0
2024-11-25,CCC,0.0,0.1875,0.0,0.0,0.0
2024-11-26,CCC,0.0,0.1875,0.0,0.0,0.0
2024-11-27,CCC,0.0,0.1875,0.0,0.0,0.0
2024-11-28,CCC,0.0,0.1875,0.0,0.0,0.0
2024-11-29,CCC,0.0,0.1875,0.0,0.0,0.0
2024-12-02,CCC,0.0,0.1875,0.0,0.0,0.0
2024-12-03,CCC,0.0,0.1875,0.0,0.0,0.0
2024-12-04,CCC,1.0,0.29910412830942834,0.5,0.0,0.0
2024-12-05,CCC,0.0,0.1875,0.0,0.0,0.0
2024-12-06,CCC,0.0,0.1875,0.0,0.0,0.0
2024-12-09,CCC,0.0,0.1875,0.0,0.0,0.0
2024-12-10,CCC,0.0,0.1875,0.0,0.0,0.0
2024-12-11,CCC,0.0,0.1875,0.0,0.0,0.0
2024-12-12,CCC,0.0,0.1875,0.0,0.0,0.0
2024-12-13,CCC,0.0,0.1875,0.0,0.0,0.0
2024-12-16,CCC,0.0,0.1875,0.0,0.0,0.0
2024-12-17,CCC,0.0,0.1875,0.0,0.0,0.0
2024-12-18,CCC,0.0,0.1875,0.0,0.0,0.0
2024-12-19,CCC,0.0,0.1875,0.0,0.0,0.0
2024-12-20,CCC,0.0,0.1875,0.0,0.0,0.0
2024-12-23,CCC,0.0,0.1875,0.0,0.0,0.0
2024-12-24,CCC,0.0,0.1875,0.0,0.0,0.0
2024-12-25,CCC,0.0,0.1875,0.0,0.0,0.0
2024-12-26,CCC,0.0,0.1875,0.0,0.0,0.0
2024-12-27,CCC,0.0,0.1875,0.0,0.0,0.0
2024-12-30,CCC,0.0,0.1875,0.0,0.0,0.0
2024-12-31,CCC,0.0,0.1875,0.0,0.0,0.0
2025-01-01,CCC,1.0,0.2854067690773984,0.5,0.0,0.0
2025-01-02,CCC,1.0,0.36752839931921416,0.5,0.35,0.0
2025-01-03,CCC,0.0,0.1875,0.0,0.0,0.35
2025-01-06,CCC,0.0,0.1875,0.0,0.0,0.0
2025-01-07,CCC,0.0,0.1875,0.0,0.0,0.0
2025-01-08,CCC,0.0,0.1875,0.0,0.0,0.0
2025-01-09,CCC,0.0,0.1875,0.0,0.0,0.0
2025-01-10,CCC,0.0,0.1875,0.0,0.0,0.0
2025-01-13,CCC,0.0,0.1875,0.0,0.0,0.0
2025-01-14,CCC,1.0,0.2618701536003421,1.0,0.0,0.0
2025-01-15,CCC,0.0,0.1875,0.0,0.0,0.0
2025-01-16,CCC,1.0,0.26905274285382785,1.0,0.0,0.0
2025-01-17,CCC,0.0,0.1875,0.0,0.0,0.0
2025-01-20,CCC,0.0,0.1875,0.0,0.0,0.0
2025-01-21,CCC,0.0,0.1875,0.0,0.0,0.0
2025-01-22,CCC,0.0,0.1875,0.0,0.0,0.0
2025-01-23,CCC,1.0,0.3440424685167249,0.5,0.35,0.0
2025-01-24,CCC,1.0,0.41257735758179115,0.5,0.35,0.35
2025-01-27,CCC,1.0,0.3262070085314314,0.5,0.35,0.35
