date,ticker,asset_return,signal,target_weight,approved_weight,executed_weight,turnover,transaction_cost,strategy_gross_return,strategy_net_return
2024-01-02,AAA,0.0,0.0,0.0,0.0,0.0,0.0,0.0,0.0,0.0
2024-01-03,AAA,-0.006138499904085992,0.0,0.0,0.0,0.0,0.0,0.0,-0.0,-0.0
2024-01-04,AAA,0.0004825323296659967,0.0,0.0,0.0,0.0,0.0,0.0,0.0,0.0
2024-01-05,AAA,0.00289379762708597,0.0,0.0,0.0,0.0,0.0,0.0,0.0,0.0
2024-01-08,AAA,0.009714340675194721,0.0,0.0,0.0,0.0,0.0,0.0,0.0,0.0
2024-01-09,AAA,-0.0023814059820918,0.0,0.0,0.0,0.0,0.0,0.0,-0.0,-0.0
2024-01-10,AAA,-0.026257996753556778,0.0,0.0,0.0,0.0,0.0,0.0,-0.0,-0.0
2024-01-11,AAA,0.008334967640713842,0.0,0.0,0.0,0.0,0.0,0.0,0.0,0.0
2024-01-12,AAA,0.005251385782359286,0.0,0.0,0.0,0.0,0.0,0.0,0.0,0.0
2024-01-15,AAA,-0.00841636838541171,0.0,0.0,0.0,0.0,0.0,0.0,-0.0,-0.0
2024-01-16,AAA,-0.016195121951219527,0.0,0.0,0.0,0.0,0.0,0.0,-0.0,-0.0
2024-01-17,AAA,0.008330027766759285,0.0,0.0,0.0,0.0,0.0,0.0,0.0,0.0
2024-01-18,AAA,-0.00393391030684509,0.0,0.0,0.0,0.0,0.0,0.0,-0.0,-0.0
2024-01-19,AAA,-0.010663507109004766,0.0,0.0,0.0,0.0,0.0,0.0,-0.0,-0.0
2024-01-22,AAA,0.010479041916167553,0.0,0.0,0.0,0.0,0.0,0.0,0.0,0.0
2024-01-23,AAA,0.013728395061728405,0.0,0.0,0.0,0.0,0.0,0.0,0.0,0.0
2024-01-24,AAA,0.000779423226812126,0.0,0.0,0.0,0.0,0.0,0.0,0.0,0.0
2024-01-25,AAA,0.006425233644859807,0.0,0.0,0.0,0.0,0.0,0.0,0.0,0.0
2024-01-26,AAA,-0.018572257690075422,0.0,0.0,0.0,0.0,0.0,0.0,-0.0,-0.0
2024-01-29,AAA,0.025231618371772235,1.0,0.3333333333333333,0.3333333333333333,0.0,0.0,0.0,0.0,0.0
2024-01-30,AAA,0.006248798308017722,1.0,0.3333333333333333,0.3333333333333333,0.3333333333333333,0.3333333333333333,0.0003333333333333333,0.0020829327693392408,0.0017495994360059075
2024-01-31,AAA,0.011082449603515787,1.0,0.5,0.35,0.3333333333333333,0.0,0.0,0.0036941498678385956,0.0036941498678385956
2024-02-01,AAA,0.009449116507606492,1.0,0.5,0.35,0.35,0.016666666666666663,1.6666666666666664e-05,0.003307190777662272,0.0032905241109956055
2024-02-02,AAA,-0.006084433211644535,1.0,0.5,0.35,0.35,0.0,0.0,-0.002129551624075587,-0.002129551624075587
2024-02-05,AAA,0.014221133923526086,1.0,0.5,0.35,0.35,0.0,0.0,0.004977396873234129,0.004977396873234129
2024-02-06,AAA,-0.018757544804531512,1.0,0.5,0.35,0.35,0.0,0.0,-0.006565140681586029,-0.006565140681586029
2024-02-07,AAA,0.0003785369546700501,1.0,0.5,0.35,0.35,0.0,0.0,0.00013248793413451752,0.00013248793413451752
2024-02-08,AAA,-0.014568158168574374,1.0,0.5,0.0,0.35,0.0,0.0,-0.0050988553590010305,-0.0050988553590010305
2024-02-09,AAA,-0.0097916866660267,0.0,0.0,0.0,0.0,0.35,0.00035,-0.0,-0.00035
2024-02-12,AAA,-0.005525933107125569,0.0,0.0,0.0,0.0,0.0,0.0,-0.0,-0.0
2024-02-13,AAA,0.009456034314681228,0.0,0.0,0.0,0.0,0.0,0.0,0.0,0.0
2024-02-14,AAA,-0.003283437952679935,0.0,0.0,0.0,0.0,0.0,0.0,-0.0,-0.0
2024-02-15,AAA,0.0006782288537932057,0.0,0.0,0.0,0.0,0.0,0.0,0.0,0.0
2024-02-16,AAA,-0.009004647560031054,0.0,0.0,0.0,0.0,0.0,0.0,-0.0,-0.0
2024-02-19,AAA,-0.00019540791402050672,0.0,0.0,0.0,0.0,0.0,0.0,-0.0,-0.0
2024-02-20,AAA,-0.0007817844229454085,0.0,0.0,0.0,0.0,0.0,0.0,-0.0,-0.0
2024-02-21,AAA,-0.0005867970660147215,0.0,0.0,0.0,0.0,0.0,0.0,-0.0,-0.0
2024-02-22,AAA,-0.016929249437322658,0.0,0.0,0.0,0.0,0.0,0.0,-0.0,-0.0
2024-02-23,AAA,0.007266573760700723,0.0,0.0,0.0,0.0,0.0,0.0,0.0,0.0
2024-02-26,AAA,0.000691767961261025,0.0,0.0,0.0,0.0,0.0,0.0,0.0,0.0
2024-02-27,AAA,0.009381789452893363,0.0,0.0,0.0,0.0,0.0,0.0,0.0,0.0
2024-02-28,AAA,-0.002445944623813756,0.0,0.0,0.0,0.0,0.0,0.0,-0.0,-0.0
2024-02-29,AAA,-0.0003923107100822776,0.0,0.0,0.0,0.0,0.0,0.0,-0.0,-0.0
2024-03-01,AAA,-0.02619701726844581,0.0,0.0,0.0,0.0,0.0,0.0,-0.0,-0.0
2024-03-04,AAA,0.00020151133501244978,0.0,0.0,0.0,0.0,0.0,0.0,0.0,0.0
2024-03-05,AAA,-0.00020147073637555302,0.0,0.0,0.0,0.0,0.0,0.0,-0.0,-0.0
2024-03-06,AAA,-0.0006045340050377934,0.0,0.0,0.0,0.0,0.0,0.0,-0.0,-0.0
2024-03-07,AAA,0.001310615989515096,0.0,0.0,0.0,0.0,0.0,0.0,0.0,0.0
2024-03-08,AAA,0.0033225936367298203,0.0,0.0,0.0,0.0,0.0,0.0,0.0,0.0
2024-03-11,AAA,0.003411941796286788,0.0,0.0,0.0,0.0,0.0,0.0,0.0,0.0
2024-03-12,AAA,-0.00560056005600551,0.0,0.0,0.0,0.0,0.0,0.0,-0.0,-0.0
2024-03-13,AAA,0.022729558483355117,0.0,0.0,0.0,0.0,0.0,0.0,0.0,0.0
2024-03-14,AAA,0.000196676172681709,0.0,0.0,0.0,0.0,0.0,0.0,0.0,0.0
2024-03-15,AAA,0.006194081211287061,1.0,1.0,0.35,0.0,0.0,0.0,0.0,0.0
2024-03-18,AAA,0.0029314051201876357,1.0,1.0,0.35,0.35,0.35,0.00035,0.0010259917920656724,0.0006759917920656723
2024-03-19,AAA,0.0017537022603273389,1.0,1.0,0.35,0.35,0.0,0.0,0.0006137957911145686,0.0006137957911145686
2024-03-20,AAA,0.005738183232834038,1.0,1.0,0.35,0.35,0.0,0.0,0.002008364131491913,0.002008364131491913
2024-03-21,AAA,0.0055120394545982165,1.0,1.0,0.35,0.35,0.0,0.0,0.0019292138091093756,0.0019292138091093756
2024-03-22,AAA,0.011540680900173239,1.0,1.0,0.35,0.35,0.0,0.0,0.0040392383150606335,0.0040392383150606335
2024-03-25,AAA,0.007701083856246349,1.0,1.0,0.35,0.35,0.0,0.0,0.002695379349686222,0.002695379349686222
2024-03-26,AAA,-0.008113973016322329,1.0,1.0,0.35,0.35,0.0,0.0,-0.002839890555712815,-0.002839890555712815
2024-03-27,AAA,-0.006848663559402612,1.0,1.0,0.35,0.35,0.0,0.0,-0.002397032245790914,-0.002397032245790914
2024-03-28,AAA,-0.0034479455990805707,1.0,1.0,0.35,0.35,0.0,0.0,-0.0012067809596781997,-0.0012067809596781997
2024-03-29,AAA,-0.01191734742912054,1.0,1.0,0.0,0.35,0.0,0.0,-0.004171071600192189,-0.004171071600192189
2024-04-01,AAA,0.007003209804493649,1.0,1.0,0.35,0.0,0.35,0.00035,0.0,-0.00035
2024-04-02,AAA,0.005505650536076434,1.0,1.0,0.35,0.35,0.35,0.00035,0.0019269776876267518,0.0015769776876267518
2024-04-03,AAA,-0.004610951008645392,1.0,1.0,0.0,0.35,0.0,0.0,-0.001613832853025887,-0.001613832853025887
2024-04-04,AAA,-0.0024126616483304275,0.0,0.0,0.0,0.0,0.35,0.00035,-0.0,-0.00035
2024-04-05,AAA,-0.009964206249395424,0.0,0.0,0.0,0.0,0.0,0.0,-0.0,-0.0
2024-04-08,AAA,0.017588430721125592,0.0,0.0,0.0,0.0,0.0,0.0,0.0,0.0
2024-04-09,AAA,-0.012579220280391823,0.0,0.0,0.0,0.0,0.0,0.0,-0.0,-0.0
2024-04-10,AAA,0.0021394534668870424,0.0,0.0,0.0,0.0,0.0,0.0,0.0,0.0
2024-04-11,AAA,0.011935953420669554,1.0,0.5,0.0,0.0,0.0,0.0,0.0,0.0
2024-04-12,AAA,-0.02282316839278864,0.0,0.0,0.0,0.0,0.0,0.0,-0.0,-0.0
2024-04-15,AAA,-0.0033366045142296796,0.0,0.0,0.0,0.0,0.0,0.0,-0.0,-0.0
2024-04-16,AAA,-0.009944860181173687,0.0,0.0,0.0,0.0,0.0,0.0,-0.0,-0.0
2024-04-17,AAA,0.020785678766782834,0.0,0.0,0.0,0.0,0.0,0.0,0.0,0.0
2024-04-18,AAA,-0.007307092751363986,0.0,0.0,0.0,0.0,0.0,0.0,-0.0,-0.0
2024-04-19,AAA,-0.008342329963686224,0.0,0.0,0.0,0.0,0.0,0.0,-0.0,-0.0
2024-04-22,AAA,-0.021278701504354736,0.0,0.0,0.0,0.0,0.0,0.0,-0.0,-0.0
2024-04-23,AAA,-0.005763980179998018,0.0,0.0,0.0,0.0,0.0,0.0,-0.0,-0.0
2024-04-24,AAA,-0.010374288039056156,0.0,0.0,0.0,0.0,0.0,0.0,-0.0,-0.0
2024-04-25,AAA,0.015827338129496438,0.0,0.0,0.0,0.0,0.0,0.0,0.0,0.0
2024-04-26,AAA,0.005766895993524868,0.0,0.0,0.0,0.0,0.0,0.0,0.0,0.0
2024-04-29,AAA,-0.02343828588673169,0.0,0.0,0.0,0.0,0.0,0.0,-0.0,-0.0
2024-04-30,AAA,0.0090646889163577,0.0,0.0,0.0,0.0,0.0,0.0,0.0,0.0
2024-05-01,AAA,0.0030624744793794623,0.0,0.0,0.0,0.0,0.0,0.0,0.0,0.0
2024-05-02,AAA,-0.0025442703032769742,0.0,0.0,0.0,0.0,0.0,0.0,-0.0,-0.0
2024-05-03,AAA,-0.008162432404856812,0.0,0.0,0.0,0.0,0.0,0.0,-0.0,-0.0
2024-05-06,AAA,0.0013373109762371271,0.0,0.0,0.0,0.0,0.0,0.0,0.0,0.0
2024-05-07,AAA,-0.009862338196014009,0.0,0.0,0.0,0.0,0.0,0.0,-0.0,-0.0
2024-05-08,AAA,-0.007262917617762876,0.0,0.0,0.0,0.0,0.0,0.0,-0.0,-0.0
2024-05-09,AAA,-0.01682692307692324,0.0,0.0,0.0,0.0,0.0,0.0,-0.0,-0.0
2024-05-10,AAA,-0.01435101520144566,0.0,0.0,0.0,0.0,0.0,0.0,-0.0,-0.0
2024-05-13,AAA,0.003451251078516071,0.0,0.0,0.0,0.0,0.0,0.0,0.0,0.0
2024-05-14,AAA,0.0034393809114359186,0.0,0.0,0.0,0.0,0.0,0.0,0.0,0.0
2024-05-15,AAA,-0.009211653813196219,0.0,0.0,0.0,0.0,0.0,0.0,-0.0,-0.0
2024-05-16,AAA,-0.01416216216216215,0.0,0.0,0.0,0.0,0.0,0.0,-0.0,-0.0
2024-05-17,AAA,-0.012940015352560508,0.0,0.0,0.0,0.0,0.0,0.0,-0.0,-0.0
2024-05-20,AAA,-0.002555271636484835,0.0,0.0,0.0,0.0,0.0,0.0,-0.0,-0.0
2024-05-21,AAA,0.006571619514368576,0.0,0.0,0.0,0.0,0.0,0.0,0.0,0.0
2024-05-22,AAA,0.021688613477923946,0.0,0.0,0.0,0.0,0.0,0.0,0.0,0.0
2024-05-23,AAA,-0.007906422614534891,0.0,0.0,0.0,0.0,0.0,0.0,-0.0,-0.0
2024-05-24,AAA,0.0111353711790394,0.0,0.0,0.0,0.0,0.0,0.0,0.0,0.0
2024-05-27,AAA,0.0011876484560569,0.0,0.0,0.0,0.0,0.0,0.0,0.0,0.0
2024-05-28,AAA,0.013911355548366089,1.0,0.5,0.0,0.0,0.0,0.0,0.0,0.0
2024-05-29,AAA,0.006807062327164548,1.0,0.3333333333333333,0.3333333333333333,0.0,0.0,0.0,0.0,0.0
2024-05-30,AAA,0.008873864356644834,1.0,0.3333333333333333,0.3333333333333333,0.3333333333333333,0.3333333333333333,0.0003333333333333333,0.002957954785548278,0.0026246214522149445
2024-05-31,AAA,0.008062827225130853,1.0,0.3333333333333333,0.3333333333333333,0.3333333333333333,0.0,0.0,0.0026876090750436177,0.0026876090750436177
2024-06-03,AAA,-0.0029084865482497113,1.0,0.3333333333333333,0.3333333333333333,0.3333333333333333,0.0,0.0,-0.000969495516083237,-0.000969495516083237
2024-06-04,AAA,0.005521408480050116,1.0,0.3333333333333333,0.3333333333333333,0.3333333333333333,0.0,0.0,0.0018404694933500387,0.0018404694933500387
2024-06-05,AAA,0.00880646498135107,1.0,0.3333333333333333,0.3333333333333333,0.3333333333333333,0.0,0.0,0.002935488327117023,0.002935488327117023
2024-06-06,AAA,-0.0004108041491219794,1.0,0.3333333333333333,0.3333333333333333,0.3333333333333333,0.0,0.0,-0.00013693471637399313,-0.00013693471637399313
2024-06-07,AAA,0.007397513613479845,1.0,0.3333333333333333,0.3333333333333333,0.3333333333333333,0.0,0.0,0.0024658378711599482,0.0024658378711599482
2024-06-10,AAA,0.011728709841917428,1.0,0.5,0.35,0.3333333333333333,0.0,0.0,0.003909569947305809,0.003909569947305809
2024-06-11,AAA,0.002721774193548354,1.0,0.3333333333333333,0.3333333333333333,0.35,0.016666666666666663,1.6666666666666664e-05,0.0009526209677419239,0.0009359543010752572
2024-06-12,AAA,0.00784156026942795,1.0,0.5,0.35,0.3333333333333333,0.016666666666666663,1.6666666666666664e-05,0.0026138534231426496,0.002597186756475983
2024-06-13,AAA,0.016558603491271695,1.0,0.3333333333333333,0.3333333333333333,0.35,0.016666666666666663,1.6666666666666664e-05,0.005795511221945093,0.0057788445552784265
2024-06-14,AAA,0.011284466686291905,1.0,0.3333333333333333,0.3333333333333333,0.3333333333333333,0.016666666666666663,1.6666666666666664e-05,0.003761488895430635,0.0037448222287639684
2024-06-17,AAA,-0.011934795264894271,1.0,0.5,0.35,0.3333333333333333,0.0,0.0,-0.00397826508829809,-0.00397826508829809
2024-06-18,AAA,0.001374840420308443,1.0,0.5,0.35,0.35,0.016666666666666663,1.6666666666666664e-05,0.000481194147107955,0.0004645274804412883
2024-06-19,AAA,0.010885554574874945,1.0,0.5,0.35,0.35,0.0,0.0,0.0038099441012062305,0.0038099441012062305
2024-06-20,AAA,-0.0006790842064415825,1.0,0.5,0.35,0.35,0.0,0.0,-0.00023767947225455388,-0.00023767947225455388
2024-06-21,AAA,0.002524026793515155,1.0,0.5,0.35,0.35,0.0,0.0,0.0008834093777303042,0.0008834093777303042
2024-06-24,AAA,-0.001065168974532793,1.0,0.5,0.35,0.35,0.0,0.0,-0.00037280914108647756,-0.00037280914108647756
2024-06-25,AAA,-0.0016479255525397862,1.0,0.5,0.35,0.35,0.0,0.0,-0.0005767739433889252,-0.0005767739433889252
2024-06-26,AAA,0.00485484027575489,1.0,0.5,0.35,0.35,0.0,0.0,0.0016991940965142116,0.0016991940965142116
2024-06-27,AAA,0.013817760170064863,1.0,0.5,0.35,0.35,0.0,0.0,0.004836216059522702,0.004836216059522702
2024-06-28,AAA,-9.531071292423476e-05,1.0,0.5,0.35,0.35,0.0,0.0,-3.335874952348217e-05,-3.335874952348217e-05
2024-07-01,AAA,0.016299685444666867,1.0,0.5,0.35,0.35,0.0,0.0,0.005704889905633403,0.005704889905633403
2024-07-02,AAA,-0.0010317013693490473,1.0,0.5,0.35,0.35,0.0,0.0,-0.0003610954792721665,-0.0003610954792721665
2024-07-03,AAA,0.008074359215097138,1.0,0.5,0.35,0.35,0.0,0.0,0.002826025725283998,0.002826025725283998
2024-07-04,AAA,0.014715469870541176,1.0,0.5,0.35,0.35,0.0,0.0,0.005150414454689411,0.005150414454689411
2024-07-05,AAA,0.014593850390087315,1.0,0.5,0.35,0.35,0.0,0.0,0.00510784763653056,0.00510784763653056
2024-07-08,AAA,-0.011669983716301902,1.0,0.5,0.35,0.35,0.0,0.0,-0.004084494300705665,-0.004084494300705665
2024-07-09,AAA,0.002105263157894832,1.0,0.5,0.35,0.35,0.0,0.0,0.0007368421052631912,0.0007368421052631912
2024-07-10,AAA,-0.0028315674095725774,1.0,0.5,0.35,0.35,0.0,0.0,-0.000991048593350402,-0.000991048593350402
2024-07-11,AAA,-0.0064120179536503175,1.0,0.5,0.35,0.35,0.0,0.0,-0.002244206283777611,-0.002244206283777611
2024-07-12,AAA,0.003226698626348279,1.0,1.0,0.35,0.35,0.0,0.0,0.0011293445192218975,0.0011293445192218975
2024-07-15,AAA,0.0002756846167983884,1.0,1.0,0.35,0.35,0.0,0.0,9.648961587943594e-05,9.648961587943594e-05
2024-07-16,AAA,-0.00045934772622868714,1.0,1.0,0.35,0.35,0.0,0.0,-0.0001607717041800405,-0.0001607717041800405
2024-07-17,AAA,-0.0015625000000000222,1.0,1.0,0.35,0.35,0.0,0.0,-0.0005468750000000077,-0.0005468750000000077
2024-07-18,AAA,-0.007732670533001862,0.0,0.0,0.0,0.35,0.0,0.0,-0.0027064346865506516,-0.0027064346865506516
2024-07-19,AAA,0.006679654884497621,0.0,0.0,0.0,0.0,0.35,0.00035,0.0,-0.00035
2024-07-22,AAA,0.01631186065800394,1.0,1.0,0.35,0.0,0.0,0.0,0.0,0.0
2024-07-23,AAA,-0.0033550961189698914,1.0,1.0,0.0,0.35,0.35,0.00035,-0.001174283641639462,-0.001524283641639462
2024-07-24,AAA,-0.003912291875170504,1.0,0.5,0.0,0.0,0.35,0.00035,-0.0,-0.00035
2024-07-25,AAA,-0.005297771282426034,1.0,1.0,0.0,0.0,0.0,0.0,-0.0,-0.0
2024-07-26,AAA,0.008356290174472036,1.0,0.3333333333333333,0.3333333333333333,0.0,0.0,0.0,0.0,0.0
2024-07-29,AAA,-0.0017302613605317818,1.0,0.3333333333333333,0.0,0.3333333333333333,0.3333333333333333,0.0003333333333333333,-0.0005767537868439272,-0.0009100871201772605
2024-07-30,AAA,-0.009578544061302763,0.0,0.0,0.0,0.0,0.3333333333333333,0.0003333333333333333,-0.0,-0.0003333333333333333
2024-07-31,AAA,0.006263240305793616,1.0,0.3333333333333333,0.0,0.0,0.0,0.0,0.0,0.0
2024-08-01,AAA,0.010617848970251753,1.0,0.3333333333333333,0.3333333333333333,0.0,0.0,0.0,0.0,0.0
2024-08-02,AAA,-0.003894574766778347,1.0,0.3333333333333333,0.3333333333333333,0.3333333333333333,0.3333333333333333,0.0003333333333333333,-0.0012981915889261155,-0.0016315249222594488
2024-08-05,AAA,-0.0014548099654483337,0.0,0.0,0.0,0.3333333333333333,0.0,0.0,-0.00048493665514944456,-0.00048493665514944456
2024-08-06,AAA,-0.0020032780914223114,0.0,0.0,0.0,0.0,0.3333333333333333,0.0003333333333333333,-0.0,-0.0003333333333333333
2024-08-07,AAA,0.001642335766423475,1.0,0.3333333333333333,0.0,0.0,0.0,0.0,0.0,0.0
2024-08-08,AAA,-0.011750774275824383,0.0,0.0,0.0,0.0,0.0,0.0,-0.0,-0.0
2024-08-09,AAA,0.0012904415153469628,0.0,0.0,0.0,0.0,0.0,0.0,0.0,0.0
2024-08-12,AAA,0.010862560986836023,1.0,1.0,0.0,0.0,0.0,0.0,0.0,0.0
2024-08-13,AAA,-0.004371186595027776,0.0,0.0,0.0,0.0,0.0,0.0,-0.0,-0.0
2024-08-14,AAA,-0.0007317296259031769,0.0,0.0,0.0,0.0,0.0,0.0,-0.0,-0.0
2024-08-15,AAA,0.011624713958809929,1.0,1.0,0.0,0.0,0.0,0.0,0.0,0.0
2024-08-16,AAA,-0.008052841114730369,0.0,0.0,0.0,0.0,0.0,0.0,-0.0,-0.0
2024-08-19,AAA,-0.004925659034935581,0.0,0.0,0.0,0.0,0.0,0.0,-0.0,-0.0
2024-08-20,AAA,0.008616738472820629,1.0,1.0,0.0,0.0,0.0,0.0,0.0,0.0
2024-08-21,AAA,-0.0039080250840680675,0.0,0.0,0.0,0.0,0.0,0.0,-0.0,-0.0
2024-08-22,AAA,0.00018248175182500326,1.0,1.0,0.35,0.0,0.0,0.0,0.0,0.0
2024-08-23,AAA,-0.0031928480204342913,0.0,0.0,0.0,0.35,0.35,0.00035,-0.0011174968071520019,-0.001467496807152002
2024-08-26,AAA,-0.0007321314175894322,0.0,0.0,0.0,0.0,0.35,0.00035,-0.0,-0.00035
2024-08-27,AAA,0.0090667643557103,1.0,0.5,0.35,0.0,0.0,0.0,0.0,0.0
2024-08-28,AAA,-0.007805409330187141,0.0,0.0,0.0,0.35,0.35,0.00035,-0.0027318932655654993,-0.0030818932655654993
2024-08-29,AAA,-0.020856201975850586,0.0,0.0,0.0,0.0,0.35,0.00035,-0.0,-0.00035
2024-08-30,AAA,0.012238415545590353,0.0,0.0,0.0,0.0,0.0,0.0,0.0,0.0
2024-09-02,AAA,-0.010890632210429074,0.0,0.0,0.0,0.0,0.0,0.0,-0.0,-0.0
2024-09-03,AAA,-0.011383782775030271,0.0,0.0,0.0,0.0,0.0,0.0,-0.0,-0.0
2024-09-04,AAA,-0.005851816894761774,0.0,0.0,0.0,0.0,0.0,0.0,-0.0,-0.0
2024-09-05,AAA,0.006455900503180567,0.0,0.0,0.0,0.0,0.0,0.0,0.0,0.0
2024-09-06,AAA,-0.018205829638713422,0.0,0.0,0.0,0.0,0.0,0.0,-0.0,-0.0
2024-09-09,AAA,0.009127594158339747,0.0,0.0,0.0,0.0,0.0,0.0,0.0,0.0
2024-09-10,AAA,-0.012567837760639855,0.0,0.0,0.0,0.0,0.0,0.0,-0.0,-0.0
2024-09-11,AAA,0.010992189759907456,0.0,0.0,0.0,0.0,0.0,0.0,0.0,0.0
2024-09-12,AAA,-0.015069146399618538,0.0,0.0,0.0,0.0,0.0,0.0,-0.0,-0.0
2024-09-13,AAA,0.020044543429844186,0.0,0.0,0.0,0.0,0.0,0.0,0.0,0.0
2024-09-16,AAA,0.0031327131194227587,0.0,0.0,0.0,0.0,0.0,0.0,0.0,0.0
2024-09-17,AAA,-0.004826346172045137,0.0,0.0,0.0,0.0,0.0,0.0,-0.0,-0.0
2024-09-18,AAA,0.0054203119056677185,0.0,0.0,0.0,0.0,0.0,0.0,0.0,0.0
2024-09-19,AAA,-0.011727986380402955,0.0,0.0,0.0,0.0,0.0,0.0,-0.0,-0.0
2024-09-20,AAA,-0.012249976074265478,0.0,0.0,0.0,0.0,0.0,0.0,-0.0,-0.0
2024-09-23,AAA,-0.013952136420889438,0.0,0.0,0.0,0.0,0.0,0.0,-0.0,-0.0
2024-09-24,AAA,-0.002554780387147404,0.0,0.0,0.0,0.0,0.0,0.0,-0.0,-0.0
2024-09-25,AAA,-0.009063146488030749,0.0,0.0,0.0,0.0,0.0,0.0,-0.0,-0.0
2024-09-26,AAA,-0.014613778705636737,0.0,0.0,0.0,0.0,0.0,0.0,-0.0,-0.0
2024-09-27,AAA,0.009786117836965369,0.0,0.0,0.0,0.0,0.0,0.0,0.0,0.0
2024-09-30,AAA,0.021180937156559,0.0,0.0,0.0,0.0,0.0,0.0,0.0,0.0
2024-10-01,AAA,0.010077291850112635,0.0,0.0,0.0,0.0,0.0,0.0,0.0,0.0
2024-10-02,AAA,0.012592018597442856,0.0,0.0,0.0,0.0,0.0,0.0,0.0,0.0
2024-10-03,AAA,-0.0009565716472164087,0.0,0.0,0.0,0.0,0.0,0.0,-0.0,-0.0
2024-10-04,AAA,-0.009096131750287229,1.0,0.3333333333333333,0.0,0.0,0.0,0.0,-0.0,-0.0
2024-10-07,AAA,0.010339163204174495,1.0,0.3333333333333333,0.3333333333333333,0.0,0.0,0.0,0.0,0.0
2024-10-08,AAA,-0.007555470543228804,1.0,0.3333333333333333,0.3333333333333333,0.3333333333333333,0.3333333333333333,0.0003333333333333333,-0.0025184901810762677,-0.002851823514409601
2024-10-09,AAA,0.0016382384118724946,1.0,0.3333333333333333,0.3333333333333333,0.3333333333333333,0.0,0.0,0.0005460794706241648,0.0005460794706241648
2024-10-10,AAA,-0.0043294208197036665,1.0,0.3333333333333333,0.3333333333333333,0.3333333333333333,0.0,0.0,-0.0014431402732345555,-0.0014431402732345555
2024-10-11,AAA,-0.005604406222823433,0.0,0.0,0.0,0.3333333333333333,0.0,0.0,-0.0018681354076078107,-0.0018681354076078107
2024-10-14,AAA,0.005635992614906105,1.0,0.3333333333333333,0.3333333333333333,0.0,0.3333333333333333,0.0003333333333333333,0.0,-0.0003333333333333333
2024-10-15,AAA,-0.0007730215479756497,1.0,0.3333333333333333,0.0,0.3333333333333333,0.3333333333333333,0.0003333333333333333,-0.00025767384932521653,-0.0005910071826585499
2024-10-16,AAA,0.006769171260032847,0.0,0.0,0.0,0.0,0.3333333333333333,0.0003333333333333333,0.0,-0.0003333333333333333
2024-10-17,AAA,-0.0012486792815291636,0.0,0.0,0.0,0.0,0.0,0.0,-0.0,-0.0
2024-10-18,AAA,-0.0030775149067129304,1.0,0.5,0.0,0.0,0.0,0.0,-0.0,-0.0
2024-10-21,AAA,0.011962184063283976,1.0,0.5,0.0,0.0,0.0,0.0,0.0,0.0
2024-10-22,AAA,0.009532888465205058,1.0,0.5,0.35,0.0,0.0,0.0,0.0,0.0
2024-10-23,AAA,0.014258734655335115,1.0,0.5,0.35,0.35,0.35,0.00035,0.00499055712936729,0.00464055712936729
2024-10-24,AAA,-0.004468857648263547,1.0,0.5,0.35,0.35,0.0,0.0,-0.0015641001768922412,-0.0015641001768922412
2024-10-25,AAA,-0.00327316936313482,1.0,0.5,0.35,0.35,0.0,0.0,-0.001145609277097187,-0.001145609277097187
2024-10-28,AAA,0.006661662600863316,1.0,0.5,0.35,0.35,0.0,0.0,0.0023315819103021606,0.0023315819103021606
2024-10-29,AAA,0.026097492776586684,1.0,0.5,0.35,0.35,0.0,0.0,0.00913412247180534,0.00913412247180534
2024-10-30,AAA,0.012444363702425187,1.0,0.3333333333333333,0.3333333333333333,0.35,0.0,0.0,0.004355527295848816,0.004355527295848816
2024-10-31,AAA,0.005652251928943253,1.0,0.3333333333333333,0.3333333333333333,0.3333333333333333,0.016666666666666663,1.6666666666666664e-05,0.0018840839763144175,0.001867417309647751
2024-11-01,AAA,0.0051744134177893475,1.0,0.3333333333333333,0.3333333333333333,0.3333333333333333,0.0,0.0,0.001724804472596449,0.001724804472596449
2024-11-04,AAA,-0.011094346321114723,1.0,0.3333333333333333,0.3333333333333333,0.3333333333333333,0.0,0.0,-0.0036981154403715744,-0.0036981154403715744
2024-11-05,AAA,0.011667564171602862,1.0,0.3333333333333333,0.3333333333333333,0.3333333333333333,0.0,0.0,0.003889188057200954,0.003889188057200954
2024-11-06,AAA,0.010468417317246237,1.0,0.3333333333333333,0.3333333333333333,0.3333333333333333,0.0,0.0,0.003489472439082079,0.003489472439082079
2024-11-07,AAA,0.01808604038630368,1.0,0.5,0.35,0.3333333333333333,0.0,0.0,0.006028680128767894,0.006028680128767894
2024-11-08,AAA,0.018195929630907104,1.0,0.5,0.35,0.35,0.016666666666666663,1.6666666666666664e-05,0.006368575370817486,0.006351908704150819
2024-11-11,AAA,-0.009824680274413411,1.0,0.3333333333333333,0.3333333333333333,0.35,0.0,0.0,-0.0034386380960446934,-0.0034386380960446934
2024-11-12,AAA,-0.002223932939868223,1.0,0.5,0.35,0.3333333333333333,0.016666666666666663,1.6666666666666664e-05,-0.0007413109799560742,-0.0007579776466227409
2024-11-13,AAA,0.0030004286326617002,1.0,0.3333333333333333,0.3333333333333333,0.35,0.016666666666666663,1.6666666666666664e-05,0.001050150021431595,0.0010334833547649283
2024-11-14,AAA,0.00811965811965809,1.0,0.3333333333333333,0.3333333333333333,0.3333333333333333,0.016666666666666663,1.6666666666666664e-05,0.0027065527065526966,0.00268988603988603
2024-11-15,AAA,-0.005086901229334528,1.0,0.3333333333333333,0.3333333333333333,0.3333333333333333,0.0,0.0,-0.0016956337431115094,-0.0016956337431115094
2024-11-18,AAA,0.024712398806987723,1.0,0.5,0.35,0.3333333333333333,0.0,0.0,0.008237466268995908,0.008237466268995908
2024-11-19,AAA,-0.010727650727650806,1.0,0.5,0.35,0.35,0.016666666666666663,1.6666666666666664e-05,-0.0037546777546777817,-0.0037713444213444483
2024-11-20,AAA,0.002437794216543443,1.0,0.5,0.35,0.35,0.0,0.0,0.000853227975790205,0.000853227975790205
2024-11-21,AAA,0.006457023060796541,1.0,0.5,0.35,0.35,0.0,0.0,0.002259958071278789,0.002259958071278789
2024-11-22,AAA,0.009498416930511677,1.0,1.0,0.35,0.35,0.0,0.0,0.003324445925679087,0.003324445925679087
2024-11-25,AAA,-0.019560911191812358,1.0,1.0,0.35,0.35,0.0,0.0,-0.006846318917134325,-0.006846318917134325
2024-11-26,AAA,0.002862193787355638,1.0,1.0,0.35,0.35,0.0,0.0,0.0010017678255744733,0.0010017678255744733
2024-11-27,AAA,-0.002434315453705982,1.0,1.0,0.35,0.35,0.0,0.0,-0.0008520104087970937,-0.0008520104087970937
2024-11-28,AAA,0.013715920565466222,1.0,1.0,0.35,0.35,0.0,0.0,0.0048005721979131775,0.0048005721979131775
2024-11-29,AAA,0.0037353698016104886,1.0,1.0,0.35,0.35,0.0,0.0,0.0013073794305636709,0.0013073794305636709
2024-12-02,AAA,0.007691035395302581,1.0,1.0,0.35,0.35,0.0,0.0,0.002691862388355903,0.002691862388355903
2024-12-03,AAA,0.006811653672548212,1.0,1.0,0.35,0.35,0.0,0.0,0.0023840787853918743,0.0023840787853918743
2024-12-04,AAA,0.0006521030322790278,1.0,0.5,0.35,0.35,0.0,0.0,0.0002282360612976597,0.0002282360612976597
2024-12-05,AAA,0.003910068426197455,1.0,1.0,0.35,0.35,0.0,0.0,0.0013685239491691092,0.0013685239491691092
2024-12-06,AAA,-0.0020285621551444644,1.0,1.0,0.35,0.35,0.0,0.0,-0.0007099967543005625,-0.0007099967543005625
2024-12-09,AAA,0.008130742336775354,1.0,1.0,0.35,0.35,0.0,0.0,0.0028457598178713737,0.0028457598178713737
2024-12-10,AAA,-0.014678603113154276,1.0,1.0,0.35,0.35,0.0,0.0,-0.005137511089603996,-0.005137511089603996
2024-12-11,AAA,-0.00458377670459198,1.0,1.0,0.35,0.35,0.0,0.0,-0.001604321846607193,-0.001604321846607193
2024-12-12,AAA,-0.002960282871474429,1.0,1.0,0.0,0.35,0.0,0.0,-0.00103609900501605,-0.00103609900501605
2024-12-13,AAA,-0.012948453608247368,0.0,0.0,0.0,0.0,0.35,0.00035,-0.0,-0.00035
2024-12-16,AAA,-0.0025902406417112056,0.0,0.0,0.0,0.0,0.0,0.0,-0.0,-0.0
2024-12-17,AAA,0.0005864119963139292,0.0,0.0,0.0,0.0,0.0,0.0,0.0,0.0
2024-12-18,AAA,0.004521098459477679,0.0,0.0,0.0,0.0,0.0,0.0,0.0,0.0
2024-12-19,AAA,0.006251041840306781,0.0,0.0,0.0,0.0,0.0,0.0,0.0,0.0
2024-12-20,AAA,0.0035616665286175575,0.0,0.0,0.0,0.0,0.0,0.0,0.0,0.0
2024-12-23,AAA,-0.00940904588973257,0.0,0.0,0.0,0.0,0.0,0.0,-0.0,-0.0
2024-12-24,AAA,0.008748541909681773,0.0,0.0,0.0,0.0,0.0,0.0,0.0,0.0
2024-12-25,AAA,-0.00016519368960099534,0.0,0.0,0.0,0.0,0.0,0.0,-0.0,-0.0
2024-12-26,AAA,0.0033870301528293734,1.0,0.5,0.0,0.0,0.0,0.0,0.0,0.0
2024-12-27,AAA,0.009468137658488418,1.0,0.5,0.35,0.0,0.0,0.0,0.0,0.0
2024-12-30,AAA,0.008971535763803828,1.0,0.5,0.35,0.35,0.35,0.00035,0.0031400375173313397,0.0027900375173313396
2024-12-31,AAA,-0.0044458814970494975,1.0,0.5,0.35,0.35,0.0,0.0,-0.001556058523967324,-0.001556058523967324
2025-01-01,AAA,0.0103929847353037,1.0,0.5,0.35,0.35,0.0,0.0,0.003637544657356295,0.003637544657356295
2025-01-02,AAA,-0.006268081002893,1.0,0.5,0.35,0.35,0.0,0.0,-0.00219382835101255,-0.00219382835101255
2025-01-03,AAA,-0.0031538088306647394,1.0,1.0,0.35,0.35,0.0,0.0,-0.0011038330907326586,-0.0011038330907326586
2025-01-06,AAA,0.004299505151293959,1.0,1.0,0.35,0.35,0.0,0.0,0.0015048268029528855,0.0015048268029528855
2025-01-07,AAA,-0.010258481421647758,1.0,1.0,0.35,0.35,0.0,0.0,-0.003590468497576715,-0.003590468497576715
2025-01-08,AAA,0.0017954786582876636,1.0,1.0,0.35,0.35,0.0,0.0,0.0006284175304006822,0.0006284175304006822
2025-01-09,AAA,0.005132382892057086,1.0,1.0,0.35,0.35,0.0,0.0,0.00179633401221998,0.00179633401221998
2025-01-10,AAA,-0.022532014913276055,0.0,0.0,0.0,0.35,0.0,0.0,-0.007886205219646619,-0.007886205219646619
2025-01-13,AAA,0.004892205638474367,0.0,0.0,0.0,0.0,0.35,0.00035,0.0,-0.00035
2025-01-14,AAA,-0.01757570756663085,0.0,0.0,0.0,0.0,0.0,0.0,-0.0,-0.0
2025-01-15,AAA,0.006467327397950529,0.0,0.0,0.0,0.0,0.0,0.0,0.0,0.0
2025-01-16,AAA,0.007427188517065808,0.0,0.0,0.0,0.0,0.0,0.0,0.0,0.0
2025-01-17,AAA,-0.007538104705102744,0.0,0.0,0.0,0.0,0.0,0.0,-0.0,-0.0
2025-01-20,AAA,0.01569151155996984,0.0,0.0,0.0,0.0,0.0,0.0,0.0,0.0
2025-01-21,AAA,-0.02169446955378418,0.0,0.0,0.0,0.0,0.0,0.0,-0.0,-0.0
2025-01-22,AAA,0.003275934481310472,0.0,0.0,0.0,0.0,0.0,0.0,0.0,0.0
2025-01-23,AAA,-0.01599129269926325,0.0,0.0,0.0,0.0,0.0,0.0,-0.0,-0.0
2025-01-24,AAA,-0.005019994894920443,0.0,0.0,0.0,0.0,0.0,0.0,-0.0,-0.0
2025-01-27,AAA,0.006328031469129636,0.0,0.0,0.0,0.0,0.0,0.0,0.0,0.0
2024-01-02,BBB,0.0,0.0,0.0,0.0,0.0,0.0,0.0,0.0,0.0
2024-01-03,BBB,0.01606829023349232,0.0,0.0,0.0,0.0,0.0,0.0,0.0,0.0
2024-01-04,BBB,-0.008648381517173287,0.0,0.0,0.0,0.0,0.0,0.0,-0.0,-0.0
2024-01-05,BBB,0.002492522432701927,0.0,0.0,0.0,0.0,0.0,0.0,0.0,0.0
2024-01-08,BBB,0.007086026852312299,0.0,0.0,0.0,0.0,0.0,0.0,0.0,0.0
2024-01-09,BBB,0.013084804345142365,0.0,0.0,0.0,0.0,0.0,0.0,0.0,0.0
2024-01-10,BBB,0.008285609845254172,0.0,0.0,0.0,0.0,0.0,0.0,0.0,0.0
2024-01-11,BBB,0.004833836858006091,0.0,0.0,0.0,0.0,0.0,0.0,0.0,0.0
2024-01-12,BBB,0.03223090799759465,0.0,0.0,0.0,0.0,0.0,0.0,0.0,0.0
2024-01-15,BBB,0.005475940813235436,0.0,0.0,0.0,0.0,0.0,0.0,0.0,0.0
2024-01-16,BBB,0.007415990730011535,0.0,0.0,0.0,0.0,0.0,0.0,0.0,0.0
2024-01-17,BBB,0.015527950310559202,0.0,0.0,0.0,0.0,0.0,0.0,0.0,0.0
2024-01-18,BBB,-0.010646732359270716,0.0,0.0,0.0,0.0,0.0,0.0,-0.0,-0.0
2024-01-19,BBB,-0.010532341156267777,0.0,0.0,0.0,0.0,0.0,0.0,-0.0,-0.0
2024-01-22,BBB,0.004859423811176544,0.0,0.0,0.0,0.0,0.0,0.0,0.0,0.0
2024-01-23,BBB,-0.0037996545768566037,0.0,0.0,0.0,0.0,0.0,0.0,-0.0,-0.0
2024-01-24,BBB,0.008899676375404564,0.0,0.0,0.0,0.0,0.0,0.0,0.0,0.0
2024-01-25,BBB,0.012257990606025837,0.0,0.0,0.0,0.0,0.0,0.0,0.0,0.0
2024-01-26,BBB,0.006337709370755951,0.0,0.0,0.0,0.0,0.0,0.0,0.0,0.0
2024-01-29,BBB,0.005847953216374213,1.0,0.3333333333333333,0.3333333333333333,0.0,0.0,0.0,0.0,0.0
2024-01-30,BBB,0.0010062611806798127,1.0,0.3333333333333333,0.3333333333333333,0.3333333333333333,0.3333333333333333,0.0003333333333333333,0.0003354203935599376,2.0870602266042575e-06
2024-01-31,BBB,-0.010722662794594107,1.0,0.5,0.0,0.3333333333333333,0.0,0.0,-0.003574220931531369,-0.003574220931531369
2024-02-01,BBB,0.0023710059839676667,1.0,0.5,0.35,0.0,0.3333333333333333,0.0003333333333333333,0.0,-0.0003333333333333333
2024-02-02,BBB,-0.017684163099797368,1.0,0.5,0.0,0.35,0.35,0.00035,-0.006189457084929078,-0.006539457084929078
2024-02-05,BBB,0.013874555670221334,1.0,0.5,0.35,0.0,0.35,0.00035,0.0,-0.00035
2024-02-06,BBB,-0.01277991404659573,1.0,0.5,0.0,0.35,0.35,0.00035,-0.004472969916308505,-0.004822969916308505
2024-02-07,BBB,0.016496735021193754,1.0,0.5,0.35,0.0,0.35,0.00035,0.0,-0.00035
2024-02-08,BBB,0.00631128141553039,1.0,0.5,0.0,0.35,0.35,0.00035,0.002208948495435636,0.0018589484954356361
2024-02-09,BBB,-0.008959569940642953,0.0,0.0,0.0,0.0,0.35,0.00035,-0.0,-0.00035
2024-02-12,BBB,0.002147135269522149,0.0,0.0,0.0,0.0,0.0,0.0,0.0,0.0
2024-02-13,BBB,0.008119079837618282,0.0,0.0,0.0,0.0,0.0,0.0,0.0,0.0
2024-02-14,BBB,0.021252796420581532,1.0,1.0,0.35,0.0,0.0,0.0,0.0,0.0
2024-02-15,BBB,-0.009090909090909038,1.0,0.5,0.35,0.35,0.35,0.00035,-0.0031818181818181633,-0.0035318181818181633
2024-02-16,BBB,0.0014369404222394078,1.0,0.5,0.35,0.35,0.0,0.0,0.0005029291477837927,0.0005029291477837927
2024-02-19,BBB,0.017108167770419458,1.0,1.0,0.35,0.35,0.0,0.0,0.00598785871964681,0.00598785871964681
2024-02-20,BBB,-0.023005968529571375,1.0,1.0,0.35,0.35,0.0,0.0,-0.008052088985349981,-0.008052088985349981
2024-02-21,BBB,-0.00855270465400415,1.0,1.0,0.0,0.35,0.0,0.0,-0.0029934466289014525,-0.0029934466289014525
2024-02-22,BBB,-0.0010082903876317273,0.0,0.0,0.0,0.0,0.35,0.00035,-0.0,-0.00035
2024-02-23,BBB,0.00392508691263882,1.0,1.0,0.0,0.0,0.0,0.0,0.0,0.0
2024-02-26,BBB,0.013851653261841124,1.0,1.0,0.35,0.0,0.0,0.0,0.0,0.0
2024-02-27,BBB,-0.016637285147642178,0.0,0.0,0.0,0.35,0.35,0.00035,-0.005823049801674762,-0.006173049801674761
2024-02-28,BBB,0.007507002801120377,0.0,0.0,0.0,0.0,0.35,0.00035,0.0,-0.00035
2024-02-29,BBB,-0.0016681494661922036,0.0,0.0,0.0,0.0,0.0,0.0,-0.0,-0.0
2024-03-01,BBB,-0.015038431547287456,0.0,0.0,0.0,0.0,0.0,0.0,-0.0,-0.0
2024-03-04,BBB,-0.013119203800045165,0.0,0.0,0.0,0.0,0.0,0.0,-0.0,-0.0
2024-03-05,BBB,0.0019482007792803735,0.0,0.0,0.0,0.0,0.0,0.0,0.0,0.0
2024-03-06,BBB,0.0028594304014639693,0.0,0.0,0.0,0.0,0.0,0.0,0.0,0.0
2024-03-07,BBB,-0.0022810218978102093,0.0,0.0,0.0,0.0,0.0,0.0,-0.0,-0.0
2024-03-08,BBB,-0.006630086877000396,0.0,0.0,0.0,0.0,0.0,0.0,-0.0,-0.0
2024-03-11,BBB,0.0013808975834290749,0.0,0.0,0.0,0.0,0.0,0.0,0.0,0.0
2024-03-12,BBB,0.0036773155596414586,0.0,0.0,0.0,0.0,0.0,0.0,0.0,0.0
2024-03-13,BBB,0.003434852301350988,0.0,0.0,0.0,0.0,0.0,0.0,0.0,0.0
2024-03-14,BBB,-0.012893655864901765,0.0,0.0,0.0,0.0,0.0,0.0,-0.0,-0.0
2024-03-15,BBB,0.01387122875968072,0.0,0.0,0.0,0.0,0.0,0.0,0.0,0.0
2024-03-18,BBB,0.002052217535058798,0.0,0.0,0.0,0.0,0.0,0.0,0.0,0.0
2024-03-19,BBB,-0.007054272385937033,0.0,0.0,0.0,0.0,0.0,0.0,-0.0,-0.0
2024-03-20,BBB,-0.013062908215881741,0.0,0.0,0.0,0.0,0.0,0.0,-0.0,-0.0
2024-03-21,BBB,-0.018228259607569908,0.0,0.0,0.0,0.0,0.0,0.0,-0.0,-0.0
2024-03-22,BBB,-0.00875118259224228,0.0,0.0,0.0,0.0,0.0,0.0,-0.0,-0.0
2024-03-25,BBB,-0.008112622285850524,0.0,0.0,0.0,0.0,0.0,0.0,-0.0,-0.0
2024-03-26,BBB,-0.001804185710849282,0.0,0.0,0.0,0.0,0.0,0.0,-0.0,-0.0
2024-03-27,BBB,0.005663332931678422,0.0,0.0,0.0,0.0,0.0,0.0,0.0,0.0
2024-03-28,BBB,-0.005511622334052113,0.0,0.0,0.0,0.0,0.0,0.0,-0.0,-0.0
2024-03-29,BBB,-0.0009638554216867545,0.0,0.0,0.0,0.0,0.0,0.0,-0.0,-0.0
2024-04-01,BBB,0.0033767486734201935,0.0,0.0,0.0,0.0,0.0,0.0,0.0,0.0
2024-04-02,BBB,-0.0032451923076922684,0.0,0.0,0.0,0.0,0.0,0.0,-0.0,-0.0
2024-04-03,BBB,-0.014831785843482548,0.0,0.0,0.0,0.0,0.0,0.0,-0.0,-0.0
2024-04-04,BBB,-0.0026927784577722713,0.0,0.0,0.0,0.0,0.0,0.0,-0.0,-0.0
2024-04-05,BBB,-0.004540991654393811,0.0,0.0,0.0,0.0,0.0,0.0,-0.0,-0.0
2024-04-08,BBB,-0.013931697694488876,0.0,0.0,0.0,0.0,0.0,0.0,-0.0,-0.0
2024-04-09,BBB,0.014753688422105338,0.0,0.0,0.0,0.0,0.0,0.0,0.0,0.0
2024-04-10,BBB,0.011335633316904792,0.0,0.0,0.0,0.0,0.0,0.0,0.0,0.0
2024-04-11,BBB,-0.015472709551656916,0.0,0.0,0.0,0.0,0.0,0.0,-0.0,-0.0
2024-04-12,BBB,0.001979952976116861,0.0,0.0,0.0,0.0,0.0,0.0,0.0,0.0
2024-04-15,BBB,0.02272446585154997,0.0,0.0,0.0,0.0,0.0,0.0,0.0,0.0
2024-04-16,BBB,-0.014007970051926,0.0,0.0,0.0,0.0,0.0,0.0,-0.0,-0.0
2024-04-17,BBB,0.004898958971218503,0.0,0.0,0.0,0.0,0.0,0.0,0.0,0.0
2024-04-18,BBB,-0.012431444241316258,0.0,0.0,0.0,0.0,0.0,0.0,-0.0,-0.0
2024-04-19,BBB,0.0033320992225100987,0.0,0.0,0.0,0.0,0.0,0.0,0.0,0.0
2024-04-22,BBB,-0.009225092250922495,0.0,0.0,0.0,0.0,0.0,0.0,-0.0,-0.0
2024-04-23,BBB,-0.007324643078833071,0.0,0.0,0.0,0.0,0.0,0.0,-0.0,-0.0
2024-04-24,BBB,0.009129564782391242,0.0,0.0,0.0,0.0,0.0,0.0,0.0,0.0
2024-04-25,BBB,0.0007435865658693697,0.0,0.0,0.0,0.0,0.0,0.0,0.0,0.0
2024-04-26,BBB,-0.009659442724458178,0.0,0.0,0.0,0.0,0.0,0.0,-0.0,-0.0
2024-04-29,BBB,0.01287982993622605,0.0,0.0,0.0,0.0,0.0,0.0,0.0,0.0
2024-04-30,BBB,0.010740740740740717,1.0,0.5,0.0,0.0,0.0,0.0,0.0,0.0
2024-05-01,BBB,0.013802369610357745,1.0,0.5,0.0,0.0,0.0,0.0,0.0,0.0
2024-05-02,BBB,0.008433734939758963,1.0,0.5,0.35,0.0,0.0,0.0,0.0,0.0
2024-05-03,BBB,0.005495818399044117,1.0,0.5,0.35,0.35,0.35,0.00035,0.0019235364396654408,0.0015735364396654407
2024-05-06,BBB,-0.008673954372623416,1.0,0.5,0.35,0.35,0.0,0.0,-0.0030358840304181953,-0.0030358840304181953
2024-05-07,BBB,-0.008270406328658941,1.0,0.5,0.35,0.35,0.0,0.0,-0.0028946422150306294,-0.0028946422150306294
2024-05-08,BBB,0.018370800096688455,1.0,0.5,0.35,0.35,0.0,0.0,0.006429780033840959,0.006429780033840959
2024-05-09,BBB,-0.002136244956088329,1.0,0.5,0.35,0.35,0.0,0.0,-0.0007476857346309151,-0.0007476857346309151
2024-05-10,BBB,0.01688867745004763,1.0,0.5,0.35,0.35,0.0,0.0,0.00591103710751667,0.00591103710751667
2024-05-13,BBB,0.010058479532163656,1.0,0.5,0.35,0.35,0.0,0.0,0.0035204678362572794,0.0035204678362572794
2024-05-14,BBB,-0.019453450671607087,1.0,0.5,0.35,0.35,0.0,0.0,-0.00680870773506248,-0.00680870773506248
2024-05-15,BBB,-0.0005904581955599175,1.0,0.5,0.35,0.35,0.0,0.0,-0.0002066603684459711,-0.0002066603684459711
2024-05-16,BBB,0.0020087439442277866,1.0,0.5,0.35,0.35,0.0,0.0,0.0007030603804797252,0.0007030603804797252
2024-05-17,BBB,-0.002948113207547176,1.0,0.5,0.0,0.35,0.0,0.0,-0.0010318396226415116,-0.0010318396226415116
2024-05-20,BBB,-0.012773506800709655,1.0,0.5,0.0,0.0,0.35,0.00035,-0.0,-0.00035
2024-05-21,BBB,0.003474302144483188,1.0,0.5,0.35,0.0,0.0,0.0,0.0,0.0
2024-05-22,BBB,-0.010864374403056432,0.0,0.0,0.0,0.35,0.35,0.00035,-0.003802531041069751,-0.004152531041069751
2024-05-23,BBB,-0.0007242003621000803,0.0,0.0,0.0,0.0,0.35,0.00035,-0.0,-0.00035
2024-05-24,BBB,0.00930064017393395,0.0,0.0,0.0,0.0,0.0,0.0,0.0,0.0
2024-05-27,BBB,0.004427955959789509,0.0,0.0,0.0,0.0,0.0,0.0,0.0,0.0
2024-05-28,BBB,0.005480757774335654,0.0,0.0,0.0,0.0,0.0,0.0,0.0,0.0
2024-05-29,BBB,0.011375755421258349,1.0,0.3333333333333333,0.0,0.0,0.0,0.0,0.0,0.0
2024-05-30,BBB,-0.006326889279437475,1.0,0.3333333333333333,0.0,0.0,0.0,0.0,-0.0,-0.0
2024-05-31,BBB,0.003419408088668696,1.0,0.3333333333333333,0.0,0.0,0.0,0.0,0.0,0.0
2024-06-03,BBB,-0.00857814336075191,1.0,0.3333333333333333,0.3333333333333333,0.0,0.0,0.0,-0.0,-0.0
2024-06-04,BBB,0.006163328197226425,1.0,0.3333333333333333,0.3333333333333333,0.3333333333333333,0.3333333333333333,0.0003333333333333333,0.002054442732408808,0.0017211093990754749
2024-06-05,BBB,0.010130757450818706,1.0,0.3333333333333333,0.3333333333333333,0.3333333333333333,0.0,0.0,0.0033769191502729017,0.0033769191502729017
2024-06-06,BBB,0.014693877551020362,1.0,0.3333333333333333,0.3333333333333333,0.3333333333333333,0.0,0.0,0.0048979591836734535,0.0048979591836734535
2024-06-07,BBB,0.003332950235604981,1.0,0.3333333333333333,0.3333333333333333,0.3333333333333333,0.0,0.0,0.001110983411868327,0.001110983411868327
2024-06-10,BBB,0.020389461626574956,1.0,0.5,0.35,0.3333333333333333,0.0,0.0,0.006796487208858318,0.006796487208858318
2024-06-11,BBB,0.01425684777727887,1.0,0.3333333333333333,0.3333333333333333,0.35,0.016666666666666663,1.6666666666666664e-05,0.004989896722047604,0.004973230055380937
2024-06-12,BBB,-0.009186496956281154,1.0,0.5,0.35,0.3333333333333333,0.016666666666666663,1.6666666666666664e-05,-0.003062165652093718,-0.0030788323187603845
2024-06-13,BBB,-0.00033512064343166337,1.0,0.3333333333333333,0.3333333333333333,0.35,0.016666666666666663,1.6666666666666664e-05,-0.00011729222520108218,-0.00013395889186774884
2024-06-14,BBB,0.010392222594703293,1.0,0.3333333333333333,0.3333333333333333,0.3333333333333333,0.016666666666666663,1.6666666666666664e-05,0.0034640741982344308,0.003447407531567764
2024-06-17,BBB,0.0,1.0,0.5,0.35,0.3333333333333333,0.0,0.0,0.0,0.0
2024-06-18,BBB,0.0032072550320725313,1.0,0.5,0.35,0.35,0.016666666666666663,1.6666666666666664e-05,0.0011225392612253858,0.0011058725945587192
2024-06-19,BBB,0.0072759342961086215,1.0,0.5,0.35,0.35,0.0,0.0,0.0025465770036380174,0.0025465770036380174
2024-06-20,BBB,0.005581700777060217,1.0,0.5,0.35,0.35,0.0,0.0,0.0019535952719710757,0.0019535952719710757
2024-06-21,BBB,0.0094688724423162,1.0,0.5,0.35,0.35,0.0,0.0,0.00331410535481067,0.00331410535481067
2024-06-24,BBB,-0.00905660377358497,1.0,0.5,0.35,0.35,0.0,0.0,-0.0031698113207547394,-0.0031698113207547394
2024-06-25,BBB,0.005113698183005111,1.0,0.5,0.35,0.35,0.0,0.0,0.0017897943640517886,0.0017897943640517886
2024-06-26,BBB,0.0028144620047629854,1.0,0.5,0.35,0.35,0.0,0.0,0.0009850617016670447,0.0009850617016670447
2024-06-27,BBB,-0.0011873920552677442,1.0,0.5,0.35,0.35,0.0,0.0,-0.00041558721934371044,-0.00041558721934371044
2024-06-28,BBB,0.016967470009726426,1.0,0.5,0.35,0.35,0.0,0.0,0.005938614503404249,0.005938614503404249
2024-07-01,BBB,0.0018065887353879706,1.0,0.5,0.35,0.35,0.0,0.0,0.0006323060573857897,0.0006323060573857897
2024-07-02,BBB,0.008168028004667649,1.0,0.5,0.35,0.35,0.0,0.0,0.002858809801633677,0.002858809801633677
2024-07-03,BBB,-0.004208754208754217,1.0,0.5,0.35,0.35,0.0,0.0,-0.001473063973063976,-0.001473063973063976
2024-07-04,BBB,0.00348689771766697,1.0,0.5,0.35,0.35,0.0,0.0,0.0012204142011834394,0.0012204142011834394
2024-07-05,BBB,-0.01884805728124661,1.0,0.5,0.0,0.35,0.0,0.0,-0.006596820048436314,-0.006596820048436314
2024-07-08,BBB,0.0016097875080487434,1.0,0.5,0.35,0.0,0.35,0.00035,0.0,-0.00035
2024-07-09,BBB,0.010071788278152694,1.0,0.5,0.35,0.35,0.35,0.00035,0.0035251258973534425,0.0031751258973534424
2024-07-10,BBB,0.007107245146918517,1.0,0.5,0.35,0.35,0.0,0.0,0.0024875358014214807,0.0024875358014214807
2024-07-11,BBB,0.006635769959974613,1.0,0.5,0.35,0.35,0.0,0.0,0.0023225194859911144,0.0023225194859911144
2024-07-12,BBB,-0.020299257089044676,0.0,0.0,0.0,0.35,0.0,0.0,-0.007104739981165636,-0.007104739981165636
2024-07-15,BBB,0.001174837124853223,0.0,0.0,0.0,0.0,0.35,0.00035,0.0,-0.00035
2024-07-16,BBB,0.005440580328568423,0.0,0.0,0.0,0.0,0.0,0.0,0.0,0.0
2024-07-17,BBB,0.0014854111405835368,0.0,0.0,0.0,0.0,0.0,0.0,0.0,0.0
2024-07-18,BBB,-0.008687360949253153,0.0,0.0,0.0,0.0,0.0,0.0,-0.0,-0.0
2024-07-19,BBB,0.002992412097894581,0.0,0.0,0.0,0.0,0.0,0.0,0.0,0.0
2024-07-22,BBB,-0.00586041555673944,0.0,0.0,0.0,0.0,0.0,0.0,-0.0,-0.0
2024-07-23,BBB,-0.004180064308681675,0.0,0.0,0.0,0.0,0.0,0.0,-0.0,-0.0
2024-07-24,BBB,0.0222796254439781,1.0,0.5,0.0,0.0,0.0,0.0,0.0,0.0
2024-07-25,BBB,-0.01400294798905033,0.0,0.0,0.0,0.0,0.0,0.0,-0.0,-0.0
2024-07-26,BBB,0.005339028296849957,1.0,0.3333333333333333,0.0,0.0,0.0,0.0,0.0,0.0
2024-07-29,BBB,0.010196494954859192,1.0,0.3333333333333333,0.3333333333333333,0.0,0.0,0.0,0.0,0.0
2024-07-30,BBB,-0.0041005151929345285,1.0,0.5,0.0,0.3333333333333333,0.3333333333333333,0.0003333333333333333,-0.0013668383976448428,-0.001700171730978176
2024-07-31,BBB,0.005595439189189255,1.0,0.3333333333333333,0.0,0.0,0.3333333333333333,0.0003333333333333333,0.0,-0.0003333333333333333
2024-08-01,BBB,0.008083989501312283,1.0,0.3333333333333333,0.3333333333333333,0.0,0.0,0.0,0.0,0.0
2024-08-02,BBB,0.010726931889189828,1.0,0.3333333333333333,0.3333333333333333,0.3333333333333333,0.3333333333333333,0.0003333333333333333,0.0035756439630632757,0.0032423106297299422
2024-08-05,BBB,-0.00030911901081920323,1.0,0.5,0.35,0.3333333333333333,0.0,0.0,-0.00010303967027306774,-0.00010303967027306774
2024-08-06,BBB,-0.022469593898165274,1.0,0.5,0.35,0.35,0.016666666666666663,1.6666666666666664e-05,-0.007864357864357846,-0.007881024531024513
2024-08-07,BBB,0.00716997047659218,1.0,0.3333333333333333,0.0,0.35,0.0,0.0,0.0025094896668072628,0.0025094896668072628
2024-08-08,BBB,-0.009945561139028558,0.0,0.0,0.0,0.0,0.35,0.00035,-0.0,-0.00035
2024-08-09,BBB,-0.01036269430051806,0.0,0.0,0.0,0.0,0.0,0.0,-0.0,-0.0
2024-08-12,BBB,0.0019232824019659311,0.0,0.0,0.0,0.0,0.0,0.0,0.0,0.0
2024-08-13,BBB,-0.00042657566385828627,0.0,0.0,0.0,0.0,0.0,0.0,-0.0,-0.0
2024-08-14,BBB,-0.006401365624666644,0.0,0.0,0.0,0.0,0.0,0.0,-0.0,-0.0
2024-08-15,BBB,0.006872114248899441,0.0,0.0,0.0,0.0,0.0,0.0,0.0,0.0
2024-08-16,BBB,-0.012050762503999057,0.0,0.0,0.0,0.0,0.0,0.0,-0.0,-0.0
2024-08-19,BBB,-0.009715025906735786,0.0,0.0,0.0,0.0,0.0,0.0,-0.0,-0.0
2024-08-20,BBB,-0.0017440592980161318,0.0,0.0,0.0,0.0,0.0,0.0,-0.0,-0.0
2024-08-21,BBB,0.0004367765887749453,0.0,0.0,0.0,0.0,0.0,0.0,0.0,0.0
2024-08-22,BBB,-0.0003274394237066103,0.0,0.0,0.0,0.0,0.0,0.0,-0.0,-0.0
2024-08-23,BBB,0.0027295556283437605,0.0,0.0,0.0,0.0,0.0,0.0,0.0,0.0
2024-08-26,BBB,-0.00010888501742167822,0.0,0.0,0.0,0.0,0.0,0.0,-0.0,-0.0
2024-08-27,BBB,-0.0005444843732984594,0.0,0.0,0.0,0.0,0.0,0.0,-0.0,-0.0
2024-08-28,BBB,0.00642841577685771,0.0,0.0,0.0,0.0,0.0,0.0,0.0,0.0
2024-08-29,BBB,0.01775468225614385,1.0,0.5,0.0,0.0,0.0,0.0,0.0,0.0
2024-08-30,BBB,0.004467609828741725,1.0,0.5,0.35,0.0,0.0,0.0,0.0,0.0
2024-09-02,BBB,-0.00201207243460777,1.0,0.5,0.35,0.35,0.35,0.00035,-0.0007042253521127195,-0.0010542253521127194
2024-09-03,BBB,0.0011672325976230802,1.0,0.5,0.35,0.35,0.0,0.0,0.00040853140916807806,0.00040853140916807806
2024-09-04,BBB,0.004027556968733581,1.0,0.5,0.35,0.35,0.0,0.0,0.0014096449390567532,0.0014096449390567532
2024-09-05,BBB,0.007178296210281765,1.0,0.5,0.35,0.35,0.0,0.0,0.0025124036735986177,0.0025124036735986177
2024-09-06,BBB,-0.005659784089718012,1.0,0.5,0.35,0.35,0.0,0.0,-0.0019809244314013042,-0.0019809244314013042
2024-09-09,BBB,0.0010540739959945533,1.0,0.5,0.35,0.35,0.0,0.0,0.00036892589859809365,0.00036892589859809365
2024-09-10,BBB,-0.017900389596714805,1.0,0.5,0.35,0.35,0.0,0.0,-0.0062651363588501815,-0.0062651363588501815
2024-09-11,BBB,0.002358743433043875,1.0,0.5,0.35,0.35,0.0,0.0,0.0008255602015653562,0.0008255602015653562
2024-09-12,BBB,-0.0008557064926729696,0.0,0.0,0.0,0.35,0.0,0.0,-0.0002994972724355393,-0.0002994972724355393
2024-09-13,BBB,0.0072797345038004835,0.0,0.0,0.0,0.0,0.35,0.00035,0.0,-0.00035
2024-09-16,BBB,-0.004995217345095115,0.0,0.0,0.0,0.0,0.0,0.0,-0.0,-0.0
2024-09-17,BBB,0.006302072206793241,0.0,0.0,0.0,0.0,0.0,0.0,0.0,0.0
2024-09-18,BBB,0.009765417683897715,1.0,0.5,0.0,0.0,0.0,0.0,0.0,0.0
2024-09-19,BBB,0.009881215179228464,1.0,0.5,0.0,0.0,0.0,0.0,0.0,0.0
2024-09-20,BBB,0.001040907671489677,1.0,0.5,0.35,0.0,0.0,0.0,0.0,0.0
2024-09-23,BBB,-0.006654881979827443,1.0,0.5,0.0,0.35,0.35,0.00035,-0.0023292086929396047,-0.0026792086929396048
2024-09-24,BBB,-0.0013608290589343097,1.0,0.5,0.35,0.0,0.35,0.00035,-0.0,-0.00035
2024-09-25,BBB,0.002306079664570193,1.0,0.5,0.35,0.35,0.35,0.00035,0.0008071278825995676,0.0004571278825995676
2024-09-26,BBB,-0.00606567663668689,1.0,0.5,0.35,0.35,0.0,0.0,-0.002122986822840411,-0.002122986822840411
2024-09-27,BBB,0.015888047138047146,1.0,0.5,0.35,0.35,0.0,0.0,0.005560816498316501,0.005560816498316501
2024-09-30,BBB,0.0009321595028481955,1.0,0.5,0.35,0.35,0.0,0.0,0.0003262558259968684,0.0003262558259968684
2024-10-01,BBB,0.006001655629139124,1.0,0.5,0.35,0.35,0.0,0.0,0.0021005794701986933,0.0021005794701986933
2024-10-02,BBB,-0.011931701296029606,1.0,0.5,0.35,0.35,0.0,0.0,-0.004176095453610362,-0.004176095453610362
2024-10-03,BBB,0.0012492192379762734,1.0,0.5,0.0,0.35,0.0,0.0,0.0004372267332916957,0.0004372267332916957
2024-10-04,BBB,0.006862133499688117,1.0,0.3333333333333333,0.0,0.0,0.35,0.00035,0.0,-0.00035
2024-10-07,BBB,-0.005059892606361083,1.0,0.3333333333333333,0.0,0.0,0.0,0.0,-0.0,-0.0
2024-10-08,BBB,0.007991696938246085,1.0,0.3333333333333333,0.3333333333333333,0.0,0.0,0.0,0.0,0.0
2024-10-09,BBB,0.008031301482701814,1.0,0.3333333333333333,0.3333333333333333,0.3333333333333333,0.3333333333333333,0.0003333333333333333,0.0026771004942339376,0.002343767160900604
2024-10-10,BBB,0.005515832482124505,1.0,0.3333333333333333,0.3333333333333333,0.3333333333333333,0.0,0.0,0.001838610827374835,0.001838610827374835
2024-10-11,BBB,0.0037586347013409682,1.0,0.5,0.35,0.3333333333333333,0.0,0.0,0.0012528782337803226,0.0012528782337803226
2024-10-14,BBB,-0.006375872887359524,1.0,0.3333333333333333,0.3333333333333333,0.35,0.016666666666666663,1.6666666666666664e-05,-0.002231555510575833,-0.0022482221772424996
2024-10-15,BBB,-0.0024444897127725573,1.0,0.3333333333333333,0.0,0.3333333333333333,0.016666666666666663,1.6666666666666664e-05,-0.0008148299042575191,-0.0008314965709241858
2024-10-16,BBB,-0.0023483765570757598,1.0,0.5,0.35,0.0,0.3333333333333333,0.0003333333333333333,-0.0,-0.0003333333333333333
2024-10-17,BBB,-0.011257803704840752,0.0,0.0,0.0,0.35,0.35,0.00035,-0.003940231296694263,-0.004290231296694262
2024-10-18,BBB,-0.007970189421384943,0.0,0.0,0.0,0.0,0.35,0.00035,-0.0,-0.00035
2024-10-21,BBB,-0.0057387312186978345,0.0,0.0,0.0,0.0,0.0,0.0,-0.0,-0.0
2024-10-22,BBB,-0.010284395004722446,0.0,0.0,0.0,0.0,0.0,0.0,-0.0,-0.0
2024-10-23,BBB,0.010921429328809351,0.0,0.0,0.0,0.0,0.0,0.0,0.0,0.0
2024-10-24,BBB,0.0130060834906649,0.0,0.0,0.0,0.0,0.0,0.0,0.0,0.0
2024-10-25,BBB,-0.009939946158624924,0.0,0.0,0.0,0.0,0.0,0.0,-0.0,-0.0
2024-10-28,BBB,0.004496967161681686,0.0,0.0,0.0,0.0,0.0,0.0,0.0,0.0
2024-10-29,BBB,0.00947423217074439,0.0,0.0,0.0,0.0,0.0,0.0,0.0,0.0
2024-10-30,BBB,0.013923267326732658,1.0,0.3333333333333333,0.0,0.0,0.0,0.0,0.0,0.0
2024-10-31,BBB,0.009358152782016127,1.0,0.3333333333333333,0.3333333333333333,0.0,0.0,0.0,0.0,0.0
2024-11-01,BBB,-0.014108636501058203,1.0,0.3333333333333333,0.3333333333333333,0.3333333333333333,0.3333333333333333,0.0003333333333333333,-0.004702878833686067,-0.0050362121670194
2024-11-04,BBB,0.0018399264029440587,1.0,0.3333333333333333,0.3333333333333333,0.3333333333333333,0.0,0.0,0.0006133088009813529,0.0006133088009813529
2024-11-05,BBB,-0.0018365472910928382,1.0,0.3333333333333333,0.3333333333333333,0.3333333333333333,0.0,0.0,-0.0006121824303642793,-0.0006121824303642793
2024-11-06,BBB,-0.005724215475825467,1.0,0.3333333333333333,0.3333333333333333,0.3333333333333333,0.0,0.0,-0.0019080718252751556,-0.0019080718252751556
2024-11-07,BBB,0.015420993111956438,1.0,0.5,0.35,0.3333333333333333,0.0,0.0,0.005140331037318813,0.005140331037318813
2024-11-08,BBB,-0.004657284600587119,1.0,0.5,0.35,0.35,0.016666666666666663,1.6666666666666664e-05,-0.0016300496102054918,-0.0016467162768721583
2024-11-11,BBB,0.013121757705218062,1.0,0.3333333333333333,0.3333333333333333,0.35,0.0,0.0,0.004592615196826321,0.004592615196826321
2024-11-12,BBB,0.0007028112449800616,1.0,0.5,0.35,0.3333333333333333,0.016666666666666663,1.6666666666666664e-05,0.00023427041499335388,0.0002176037483266872
2024-11-13,BBB,0.022875489114076553,1.0,0.3333333333333333,0.3333333333333333,0.35,0.016666666666666663,1.6666666666666664e-05,0.008006421189926793,0.007989754523260126
2024-11-14,BBB,0.0023540951446787695,1.0,0.3333333333333333,0.3333333333333333,0.3333333333333333,0.016666666666666663,1.6666666666666664e-05,0.0007846983815595898,0.0007680317148929231
2024-11-15,BBB,-0.012036402779136979,1.0,0.3333333333333333,0.3333333333333333,0.3333333333333333,0.0,0.0,-0.004012134259712326,-0.004012134259712326
2024-11-18,BBB,-0.010003961965134645,1.0,0.5,0.35,0.3333333333333333,0.0,0.0,-0.0033346539883782147,-0.0033346539883782147
2024-11-19,BBB,0.0027013506753377214,1.0,0.5,0.35,0.35,0.016666666666666663,1.6666666666666664e-05,0.0009454727363682025,0.0009288060697015358
2024-11-20,BBB,-0.006785072839752493,1.0,0.5,0.35,0.35,0.0,0.0,-0.0023747754939133724,-0.0023747754939133724
2024-11-21,BBB,0.0006027727546713546,1.0,0.5,0.0,0.35,0.0,0.0,0.0002109704641349741,0.0002109704641349741
2024-11-22,BBB,-0.007429718875501923,0.0,0.0,0.0,0.0,0.35,0.00035,-0.0,-0.00035
2024-11-25,BBB,-0.0019219097713938371,0.0,0.0,0.0,0.0,0.0,0.0,-0.0,-0.0
2024-11-26,BBB,-0.0024323502584371326,0.0,0.0,0.0,0.0,0.0,0.0,-0.0,-0.0
2024-11-27,BBB,0.005384537234582876,0.0,0.0,0.0,0.0,0.0,0.0,0.0,0.0
2024-11-28,BBB,-0.00545675020210179,0.0,0.0,0.0,0.0,0.0,0.0,-0.0,-0.0
2024-11-29,BBB,0.004673846779109869,0.0,0.0,0.0,0.0,0.0,0.0,0.0,0.0
2024-12-02,BBB,-0.007483818770226525,0.0,0.0,0.0,0.0,0.0,0.0,-0.0,-0.0
2024-12-03,BBB,-0.016507030772366038,0.0,0.0,0.0,0.0,0.0,0.0,-0.0,-0.0
2024-12-04,BBB,-0.005491089929548276,0.0,0.0,0.0,0.0,0.0,0.0,-0.0,-0.0
2024-12-05,BBB,0.007500781331388762,0.0,0.0,0.0,0.0,0.0,0.0,0.0,0.0
2024-12-06,BBB,-0.0054803019336158165,0.0,0.0,0.0,0.0,0.0,0.0,-0.0,-0.0
2024-12-09,BBB,0.017467248908296762,0.0,0.0,0.0,0.0,0.0,0.0,0.0,0.0
2024-12-10,BBB,0.005620273860617253,0.0,0.0,0.0,0.0,0.0,0.0,0.0,0.0
2024-12-11,BBB,-0.01158418859871968,0.0,0.0,0.0,0.0,0.0,0.0,-0.0,-0.0
2024-12-12,BBB,0.005243137658065278,0.0,0.0,0.0,0.0,0.0,0.0,0.0,0.0
2024-12-13,BBB,-0.016363264471261907,0.0,0.0,0.0,0.0,0.0,0.0,-0.0,-0.0
2024-12-16,BBB,0.009045539613225184,0.0,0.0,0.0,0.0,0.0,0.0,0.0,0.0
2024-12-17,BBB,0.011540443070582329,1.0,1.0,0.35,0.0,0.0,0.0,0.0,0.0
2024-12-18,BBB,0.015279616990934164,1.0,1.0,0.35,0.35,0.35,0.00035,0.005347865946826957,0.004997865946826958
2024-12-19,BBB,0.014748670613022874,1.0,1.0,0.35,0.35,0.0,0.0,0.005162034714558006,0.005162034714558006
2024-12-20,BBB,-0.00266956693691911,1.0,1.0,0.35,0.35,0.0,0.0,-0.0009343484279216884,-0.0009343484279216884
2024-12-23,BBB,-0.006939625260235949,1.0,1.0,0.35,0.35,0.0,0.0,-0.002428868841082582,-0.002428868841082582
2024-12-24,BBB,0.00019966057701892304,1.0,1.0,0.35,0.35,0.0,0.0,6.988120195662306e-05,6.988120195662306e-05
2024-12-25,BBB,0.00129753468410021,1.0,1.0,0.35,0.35,0.0,0.0,0.0004541371394350735,0.0004541371394350735
2024-12-26,BBB,-0.0036881977671450183,1.0,0.5,0.35,0.35,0.0,0.0,-0.0012908692185007564,-0.0012908692185007564
2024-12-27,BBB,0.005602801400700352,1.0,0.5,0.35,0.35,0.0,0.0,0.0019609804902451233,0.0019609804902451233
2024-12-30,BBB,-0.0006964481146155554,1.0,0.5,0.35,0.35,0.0,0.0,-0.0002437568401154444,-0.0002437568401154444
2024-12-31,BBB,-0.007666268418956568,1.0,0.5,0.35,0.35,0.0,0.0,-0.0026831939466347987,-0.0026831939466347987
2025-01-01,BBB,-0.008829136149292593,0.0,0.0,0.0,0.35,0.0,0.0,-0.0030901976522524077,-0.0030901976522524077
2025-01-02,BBB,-0.015588622330195423,0.0,0.0,0.0,0.0,0.35,0.00035,-0.0,-0.00035
2025-01-03,BBB,0.007712082262210762,0.0,0.0,0.0,0.0,0.0,0.0,0.0,0.0
2025-01-06,BBB,-0.006020408163265323,0.0,0.0,0.0,0.0,0.0,0.0,-0.0,-0.0
2025-01-07,BBB,0.003901036854532469,0.0,0.0,0.0,0.0,0.0,0.0,0.0,0.0
2025-01-08,BBB,-0.0015338991716945527,0.0,0.0,0.0,0.0,0.0,0.0,-0.0,-0.0
2025-01-09,BBB,-0.0070667759115116136,0.0,0.0,0.0,0.0,0.0,0.0,-0.0,-0.0
2025-01-10,BBB,-0.014853017019081927,0.0,0.0,0.0,0.0,0.0,0.0,-0.0,-0.0
2025-01-13,BBB,0.0023034237252643752,0.0,0.0,0.0,0.0,0.0,0.0,0.0,0.0
2025-01-14,BBB,0.0022981301577353896,0.0,0.0,0.0,0.0,0.0,0.0,0.0,0.0
2025-01-15,BBB,0.0,0.0,0.0,0.0,0.0,0.0,0.0,0.0,0.0
2025-01-16,BBB,0.004168837936425085,0.0,0.0,0.0,0.0,0.0,0.0,0.0,0.0
2025-01-17,BBB,0.006331084587441582,0.0,0.0,0.0,0.0,0.0,0.0,0.0,0.0
2025-01-20,BBB,0.007425742574257654,0.0,0.0,0.0,0.0,0.0,0.0,0.0,0.0
2025-01-21,BBB,-0.016482391482391612,0.0,0.0,0.0,0.0,0.0,0.0,-0.0,-0.0
2025-01-22,BBB,0.004475902987405078,0.0,0.0,0.0,0.0,0.0,0.0,0.0,0.0
2025-01-23,BBB,0.028808290155440508,1.0,0.5,0.35,0.0,0.0,0.0,0.0,0.0
2025-01-24,BBB,0.0,1.0,0.5,0.35,0.35,0.35,0.00035,0.0,-0.00035
2025-01-27,BBB,0.01107977437550356,1.0,0.5,0.35,0.35,0.0,0.0,0.0038779210314262456,0.0038779210314262456
2024-01-02,CCC,0.0,0.0,0.0,0.0,0.0,0.0,0.0,0.0,0.0
2024-01-03,CCC,-0.00015999999999993797,0.0,0.0,0.0,0.0,0.0,0.0,-0.0,-0.0
2024-01-04,CCC,0.008001280204832817,0.0,0.0,0.0,0.0,0.0,0.0,0.0,0.0
2024-01-05,CCC,-0.00039688839498330797,0.0,0.0,0.0,0.0,0.0,0.0,-0.0,-0.0
2024-01-08,CCC,0.006352735646787844,0.0,0.0,0.0,0.0,0.0,0.0,0.0,0.0
2024-01-09,CCC,0.00804860727530965,0.0,0.0,0.0,0.0,0.0,0.0,0.0,0.0
2024-01-10,CCC,-0.0007827788649705791,0.0,0.0,0.0,0.0,0.0,0.0,-0.0,-0.0
2024-01-11,CCC,0.003211907559733662,0.0,0.0,0.0,0.0,0.0,0.0,0.0,0.0
2024-01-12,CCC,0.010541933468686482,0.0,0.0,0.0,0.0,0.0,0.0,0.0,0.0
2024-01-15,CCC,-0.004172784174329536,0.0,0.0,0.0,0.0,0.0,0.0,-0.0,-0.0
2024-01-16,CCC,-0.005975013579576416,0.0,0.0,0.0,0.0,0.0,0.0,-0.0,-0.0
2024-01-17,CCC,0.00975800156128015,0.0,0.0,0.0,0.0,0.0,0.0,0.0,0.0
2024-01-18,CCC,0.032701971395438845,0.0,0.0,0.0,0.0,0.0,0.0,0.0,0.0
2024-01-19,CCC,0.005315166941158633,0.0,0.0,0.0,0.0,0.0,0.0,0.0,0.0
2024-01-22,CCC,-0.0026062997989425574,0.0,0.0,0.0,0.0,0.0,0.0,-0.0,-0.0
2024-01-23,CCC,-0.003658354487083848,0.0,0.0,0.0,0.0,0.0,0.0,-0.0,-0.0
2024-01-24,CCC,0.008017984263769318,0.0,0.0,0.0,0.0,0.0,0.0,0.0,0.0
2024-01-25,CCC,-0.0030478739220933804,0.0,0.0,0.0,0.0,0.0,0.0,-0.0,-0.0
2024-01-26,CCC,0.005294161509208806,0.0,0.0,0.0,0.0,0.0,0.0,0.0,0.0
2024-01-29,CCC,-0.018988280670523716,1.0,0.3333333333333333,0.3333333333333333,0.0,0.0,0.0,-0.0,-0.0
2024-01-30,CCC,-0.007863299561469805,1.0,0.3333333333333333,0.3333333333333333,0.3333333333333333,0.3333333333333333,0.0003333333333333333,-0.002621099853823268,-0.0029544331871566016
2024-01-31,CCC,-0.009602194787379892,0.0,0.0,0.0,0.3333333333333333,0.0,0.0,-0.003200731595793297,-0.003200731595793297
2024-02-01,CCC,-0.012157586949830823,0.0,0.0,0.0,0.0,0.3333333333333333,0.0003333333333333333,-0.0,-0.0003333333333333333
2024-02-02,CCC,0.0010126187879730963,0.0,0.0,0.0,0.0,0.0,0.0,0.0,0.0
2024-02-05,CCC,0.00396856275776214,0.0,0.0,0.0,0.0,0.0,0.0,0.0,0.0
2024-02-06,CCC,0.012323670748721094,0.0,0.0,0.0,0.0,0.0,0.0,0.0,0.0
2024-02-07,CCC,0.0011484572391087244,0.0,0.0,0.0,0.0,0.0,0.0,0.0,0.0
2024-02-08,CCC,-0.005812174977057105,0.0,0.0,0.0,0.0,0.0,0.0,-0.0,-0.0
2024-02-09,CCC,0.009769230769230752,0.0,0.0,0.0,0.0,0.0,0.0,0.0,0.0
2024-02-12,CCC,0.009217643025824396,1.0,1.0,0.0,0.0,0.0,0.0,0.0,0.0
2024-02-13,CCC,0.004227053140096526,1.0,1.0,0.35,0.0,0.0,0.0,0.0,0.0
2024-02-14,CCC,-0.010748647023451463,0.0,0.0,0.0,0.35,0.35,0.00035,-0.003762026458208012,-0.004112026458208012
2024-02-15,CCC,0.007142314413798312,1.0,0.5,0.35,0.0,0.35,0.00035,0.0,-0.00035
2024-02-16,CCC,0.00030177291588073807,1.0,0.5,0.35,0.35,0.35,0.00035,0.00010562052055825832,-0.0002443794794417417
2024-02-19,CCC,-0.010860547552605793,0.0,0.0,0.0,0.35,0.0,0.0,-0.003801191643412027,-0.003801191643412027
2024-02-20,CCC,-0.014182234083111034,0.0,0.0,0.0,0.0,0.35,0.00035,-0.0,-0.00035
2024-02-21,CCC,0.013612808415190747,0.0,0.0,0.0,0.0,0.0,0.0,0.0,0.0
2024-02-22,CCC,-0.012895841281953424,0.0,0.0,0.0,0.0,0.0,0.0,-0.0,-0.0
2024-02-23,CCC,-0.010977118119975371,0.0,0.0,0.0,0.0,0.0,0.0,-0.0,-0.0
2024-02-26,CCC,-0.008363295294669282,0.0,0.0,0.0,0.0,0.0,0.0,-0.0,-0.0
2024-02-27,CCC,-0.0029163710885158345,0.0,0.0,0.0,0.0,0.0,0.0,-0.0,-0.0
2024-02-28,CCC,-0.0011857707509881354,0.0,0.0,0.0,0.0,0.0,0.0,-0.0,-0.0
2024-02-29,CCC,0.01068460625247325,0.0,0.0,0.0,0.0,0.0,0.0,0.0,0.0
2024-03-01,CCC,0.0011746280344557825,0.0,0.0,0.0,0.0,0.0,0.0,0.0,0.0
2024-03-04,CCC,-0.011341415721548564,0.0,0.0,0.0,0.0,0.0,0.0,-0.0,-0.0
2024-03-05,CCC,-0.0080696202531646,0.0,0.0,0.0,0.0,0.0,0.0,-0.0,-0.0
2024-03-06,CCC,7.975753708722166e-05,0.0,0.0,0.0,0.0,0.0,0.0,0.0,0.0
2024-03-07,CCC,-0.0041470611691522,0.0,0.0,0.0,0.0,0.0,0.0,-0.0,-0.0
2024-03-08,CCC,0.0008008328661808228,0.0,0.0,0.0,0.0,0.0,0.0,0.0,0.0
2024-03-11,CCC,-0.00040009602304547087,0.0,0.0,0.0,0.0,0.0,0.0,-0.0,-0.0
2024-03-12,CCC,-0.005283381364073025,0.0,0.0,0.0,0.0,0.0,0.0,-0.0,-0.0
2024-03-13,CCC,0.01891195879607266,0.0,0.0,0.0,0.0,0.0,0.0,0.0,0.0
2024-03-14,CCC,-0.005054892978437753,0.0,0.0,0.0,0.0,0.0,0.0,-0.0,-0.0
2024-03-15,CCC,0.0007938398031277494,0.0,0.0,0.0,0.0,0.0,0.0,0.0,0.0
2024-03-18,CCC,-0.0057904338859362525,0.0,0.0,0.0,0.0,0.0,0.0,-0.0,-0.0
2024-03-19,CCC,-0.013084410403701896,0.0,0.0,0.0,0.0,0.0,0.0,-0.0,-0.0
2024-03-20,CCC,0.006709781729991926,0.0,0.0,0.0,0.0,0.0,0.0,0.0,0.0
2024-03-21,CCC,-0.006263550951577934,0.0,0.0,0.0,0.0,0.0,0.0,-0.0,-0.0
2024-03-22,CCC,0.0010505050505049685,0.0,0.0,0.0,0.0,0.0,0.0,0.0,0.0
2024-03-25,CCC,0.009848240232483096,0.0,0.0,0.0,0.0,0.0,0.0,0.0,0.0
2024-03-26,CCC,-0.014148681055155876,0.0,0.0,0.0,0.0,0.0,0.0,-0.0,-0.0
2024-03-27,CCC,0.00445957998864821,0.0,0.0,0.0,0.0,0.0,0.0,0.0,0.0
2024-03-28,CCC,0.01186632224733608,0.0,0.0,0.0,0.0,0.0,0.0,0.0,0.0
2024-03-29,CCC,0.005743917032309476,0.0,0.0,0.0,0.0,0.0,0.0,0.0,0.0
2024-04-01,CCC,-0.014515745220909038,0.0,0.0,0.0,0.0,0.0,0.0,-0.0,-0.0
2024-04-02,CCC,-0.0057952350289761645,0.0,0.0,0.0,0.0,0.0,0.0,-0.0,-0.0
2024-04-03,CCC,0.009391191709844593,0.0,0.0,0.0,0.0,0.0,0.0,0.0,0.0
2024-04-04,CCC,-0.0031280076997112216,0.0,0.0,0.0,0.0,0.0,0.0,-0.0,-0.0
2024-04-05,CCC,0.016654598117306296,1.0,1.0,0.35,0.0,0.0,0.0,0.0,0.0
2024-04-08,CCC,-0.013057929724596407,0.0,0.0,0.0,0.35,0.35,0.00035,-0.004570275403608742,-0.004920275403608742
2024-04-09,CCC,0.0059337663379039896,1.0,1.0,0.35,0.0,0.35,0.00035,0.0,-0.00035
2024-04-10,CCC,0.0022319649262654284,1.0,1.0,0.35,0.35,0.35,0.00035,0.0007811877241928999,0.0004311877241928999
2024-04-11,CCC,0.0065219120337229874,1.0,0.5,0.0,0.35,0.0,0.0,0.0022826692118030453,0.0022826692118030453
2024-04-12,CCC,-0.006005531410509635,0.0,0.0,0.0,0.0,0.35,0.00035,-0.0,-0.00035
2024-04-15,CCC,0.006757293902535988,1.0,1.0,0.35,0.0,0.0,0.0,0.0,0.0
2024-04-16,CCC,-0.015397978521794031,0.0,0.0,0.0,0.35,0.35,0.00035,-0.00538929248262791,-0.00573929248262791
2024-04-17,CCC,0.009383270510866959,1.0,1.0,0.0,0.0,0.35,0.00035,0.0,-0.00035
2024-04-18,CCC,-0.0033370411568409697,1.0,1.0,0.0,0.0,0.0,0.0,-0.0,-0.0
2024-04-19,CCC,-0.0013552295918367596,0.0,0.0,0.0,0.0,0.0,0.0,-0.0,-0.0
2024-04-22,CCC,0.0010377584417657904,1.0,1.0,0.0,0.0,0.0,0.0,0.0,0.0
2024-04-23,CCC,0.002631578947368318,1.0,1.0,0.0,0.0,0.0,0.0,0.0,0.0
2024-04-24,CCC,-0.006124234470691214,0.0,0.0,0.0,0.0,0.0,0.0,-0.0,-0.0
2024-04-25,CCC,0.005441741357234298,0.0,0.0,0.0,0.0,0.0,0.0,0.0,0.0
2024-04-26,CCC,0.00764087870105068,1.0,1.0,0.0,0.0,0.0,0.0,0.0,0.0
2024-04-29,CCC,0.00845181674565576,1.0,1.0,0.0,0.0,0.0,0.0,0.0,0.0
2024-04-30,CCC,0.004229654578209452,1.0,0.5,0.35,0.0,0.0,0.0,0.0,0.0
2024-05-01,CCC,-0.00023399110833788317,1.0,0.5,0.35,0.35,0.35,0.00035,-8.18968879182591e-05,-0.0004318968879182591
2024-05-02,CCC,-0.011780308940552375,1.0,0.5,0.35,0.35,0.0,0.0,-0.004123108129193331,-0.004123108129193331
2024-05-03,CCC,0.009631325491434417,1.0,0.5,0.35,0.35,0.0,0.0,0.0033709639220020457,0.0033709639220020457
2024-05-06,CCC,0.008679333802486422,1.0,0.5,0.35,0.35,0.0,0.0,0.0030377668308702475,0.0030377668308702475
2024-05-07,CCC,0.0033333333333334103,1.0,0.5,0.35,0.35,0.0,0.0,0.0011666666666666934,0.0011666666666666934
2024-05-08,CCC,-0.007648922197326824,1.0,0.5,0.35,0.35,0.0,0.0,-0.0026771227690643882,-0.0026771227690643882
2024-05-09,CCC,0.01596075988788548,1.0,0.5,0.35,0.35,0.0,0.0,0.005586265960759917,0.005586265960759917
2024-05-10,CCC,0.006284006437274892,1.0,0.5,0.35,0.35,0.0,0.0,0.002199402253046212,0.002199402253046212
2024-05-13,CCC,-0.0036554717843271245,1.0,0.5,0.35,0.35,0.0,0.0,-0.0012794151245144934,-0.0012794151245144934
2024-05-14,CCC,-0.001681571505006474,1.0,0.5,0.35,0.35,0.0,0.0,-0.0005885500267522658,-0.0005885500267522658
2024-05-15,CCC,-0.005971977643365767,1.0,0.5,0.35,0.35,0.0,0.0,-0.002090192175178018,-0.002090192175178018
2024-05-16,CCC,-0.002926904413463993,1.0,0.5,0.35,0.35,0.0,0.0,-0.0010244165447123976,-0.0010244165447123976
2024-05-17,CCC,0.00525299343375818,1.0,0.5,0.35,0.35,0.0,0.0,0.0018385477018153628,0.0018385477018153628
2024-05-20,CCC,0.008683624068239526,1.0,0.5,0.35,0.35,0.0,0.0,0.0030392684238838338,0.0030392684238838338
2024-05-21,CCC,0.011580070089898031,1.0,0.5,0.35,0.35,0.0,0.0,0.004053024531464311,0.004053024531464311
2024-05-22,CCC,-0.006175628859767968,1.0,1.0,0.35,0.35,0.0,0.0,-0.0021614701009187885,-0.0021614701009187885
2024-05-23,CCC,0.005228857229463424,1.0,1.0,0.35,0.35,0.0,0.0,0.0018301000303121982,0.0018301000303121982
2024-05-24,CCC,0.009498680738786236,1.0,1.0,0.35,0.35,0.0,0.0,0.0033245382585751822,0.0033245382585751822
2024-05-27,CCC,-0.0032857889627361248,1.0,1.0,0.35,0.35,0.0,0.0,-0.0011500261369576435,-0.0011500261369576435
2024-05-28,CCC,0.0005993856297297206,1.0,0.5,0.35,0.35,0.0,0.0,0.00020978497040540222,0.00020978497040540222
2024-05-29,CCC,0.014376637963309458,1.0,0.3333333333333333,0.3333333333333333,0.35,0.0,0.0,0.00503182328715831,0.00503182328715831
2024-05-30,CCC,-0.005905366501808618,1.0,0.3333333333333333,0.3333333333333333,0.3333333333333333,0.016666666666666663,1.6666666666666664e-05,-0.0019684555006028726,-0.001985122167269539
2024-05-31,CCC,-0.014554095195663308,1.0,0.3333333333333333,0.3333333333333333,0.3333333333333333,0.0,0.0,-0.004851365065221103,-0.004851365065221103
2024-06-03,CCC,-0.00203451134051702,1.0,0.3333333333333333,0.3333333333333333,0.3333333333333333,0.0,0.0,-0.0006781704468390066,-0.0006781704468390066
2024-06-04,CCC,0.01374207188160681,1.0,0.3333333333333333,0.3333333333333333,0.3333333333333333,0.0,0.0,0.004580690627202269,0.004580690627202269
2024-06-05,CCC,0.006182034857738827,1.0,0.3333333333333333,0.3333333333333333,0.3333333333333333,0.0,0.0,0.0020606782859129424,0.0020606782859129424
2024-06-06,CCC,-0.014138722333259302,1.0,0.3333333333333333,0.0,0.3333333333333333,0.0,0.0,-0.004712907444419767,-0.004712907444419767
2024-06-07,CCC,0.012464333984081755,1.0,0.3333333333333333,0.0,0.0,0.3333333333333333,0.0003333333333333333,0.0,-0.0003333333333333333
2024-06-10,CCC,-0.011198457431029318,0.0,0.0,0.0,0.0,0.0,0.0,-0.0,-0.0
2024-06-11,CCC,0.004650116252906233,1.0,0.3333333333333333,0.0,0.0,0.0,0.0,0.0,0.0
2024-06-12,CCC,-0.009182530795072696,0.0,0.0,0.0,0.0,0.0,0.0,-0.0,-0.0
2024-06-13,CCC,0.016274864376130127,1.0,0.3333333333333333,0.0,0.0,0.0,0.0,0.0,0.0
2024-06-14,CCC,0.005412218268090241,1.0,0.3333333333333333,0.3333333333333333,0.0,0.0,0.0,0.0,0.0
2024-06-17,CCC,-0.015411842784455398,0.0,0.0,0.0,0.3333333333333333,0.3333333333333333,0.0003333333333333333,-0.0051372809281517995,-0.0054706142614851325
2024-06-18,CCC,-0.02314260035949678,0.0,0.0,0.0,0.0,0.3333333333333333,0.0003333333333333333,-0.0,-0.0003333333333333333
2024-06-19,CCC,-0.007743617265966618,0.0,0.0,0.0,0.0,0.0,0.0,-0.0,-0.0
2024-06-20,CCC,0.0036315870808221185,0.0,0.0,0.0,0.0,0.0,0.0,0.0,0.0
2024-06-21,CCC,0.008160751405035027,0.0,0.0,0.0,0.0,0.0,0.0,0.0,0.0
2024-06-24,CCC,-0.00840015273004957,0.0,0.0,0.0,0.0,0.0,0.0,-0.0,-0.0
2024-06-25,CCC,-0.0023103581055061717,0.0,0.0,0.0,0.0,0.0,0.0,-0.0,-0.0
2024-06-26,CCC,-0.002624469316866107,0.0,0.0,0.0,0.0,0.0,0.0,-0.0,-0.0
2024-06-27,CCC,0.003947062920826472,0.0,0.0,0.0,0.0,0.0,0.0,0.0,0.0
2024-06-28,CCC,0.0003083564600678823,0.0,0.0,0.0,0.0,0.0,0.0,0.0,0.0
2024-07-01,CCC,-0.004855117139334175,0.0,0.0,0.0,0.0,0.0,0.0,-0.0,-0.0
2024-07-02,CCC,-0.0077441338186323705,0.0,0.0,0.0,0.0,0.0,0.0,-0.0,-0.0
2024-07-03,CCC,-0.018496839147740474,0.0,0.0,0.0,0.0,0.0,0.0,-0.0,-0.0
2024-07-04,CCC,-0.013120229007633655,0.0,0.0,0.0,0.0,0.0,0.0,-0.0,-0.0
2024-07-05,CCC,-0.012086052695189697,0.0,0.0,0.0,0.0,0.0,0.0,-0.0,-0.0
2024-07-08,CCC,-0.005056683794144035,0.0,0.0,0.0,0.0,0.0,0.0,-0.0,-0.0
2024-07-09,CCC,-0.009263054348717104,0.0,0.0,0.0,0.0,0.0,0.0,-0.0,-0.0
2024-07-10,CCC,0.0023994704616912,0.0,0.0,0.0,0.0,0.0,0.0,0.0,0.0
2024-07-11,CCC,-0.011555922410235286,0.0,0.0,0.0,0.0,0.0,0.0,-0.0,-0.0
2024-07-12,CCC,-0.01052192066805846,0.0,0.0,0.0,0.0,0.0,0.0,-0.0,-0.0
2024-07-15,CCC,-8.439530762083258e-05,0.0,0.0,0.0,0.0,0.0,0.0,-0.0,-0.0
2024-07-16,CCC,0.009031060094530696,0.0,0.0,0.0,0.0,0.0,0.0,0.0,0.0
2024-07-17,CCC,0.0030112923462985997,0.0,0.0,0.0,0.0,0.0,0.0,0.0,0.0
2024-07-18,CCC,0.003502626970227629,0.0,0.0,0.0,0.0,0.0,0.0,0.0,0.0
2024-07-19,CCC,-0.001246571927200124,0.0,0.0,0.0,0.0,0.0,0.0,-0.0,-0.0
2024-07-22,CCC,-0.0001664170411050936,0.0,0.0,0.0,0.0,0.0,0.0,-0.0,-0.0
2024-07-23,CCC,-0.000582556591211647,0.0,0.0,0.0,0.0,0.0,0.0,-0.0,-0.0
2024-07-24,CCC,0.0063285868931632905,0.0,0.0,0.0,0.0,0.0,0.0,0.0,0.0
2024-07-25,CCC,-0.006537029375258574,0.0,0.0,0.0,0.0,0.0,0.0,-0.0,-0.0
2024-07-26,CCC,0.018157587872730252,1.0,0.3333333333333333,0.3333333333333333,0.0,0.0,0.0,0.0,0.0
2024-07-29,CCC,0.005153795811518425,1.0,0.3333333333333333,0.3333333333333333,0.3333333333333333,0.3333333333333333,0.0003333333333333333,0.0017179319371728081,0.0013845986038394749
2024-07-30,CCC,0.006104012370798495,1.0,0.5,0.35,0.3333333333333333,0.0,0.0,0.0020346707902661647,0.0020346707902661647
2024-07-31,CCC,-0.002184112603138777,1.0,0.3333333333333333,0.3333333333333333,0.35,0.016666666666666663,1.6666666666666664e-05,-0.0007644394110985719,-0.0007811060777652385
2024-08-01,CCC,-0.003972436157276049,1.0,0.3333333333333333,0.3333333333333333,0.3333333333333333,0.016666666666666663,1.6666666666666664e-05,-0.001324145385758683,-0.0013408120524253495
2024-08-02,CCC,-0.008139345596614,1.0,0.3333333333333333,0.3333333333333333,0.3333333333333333,0.0,0.0,-0.0027131151988713333,-0.0027131151988713333
2024-08-05,CCC,-0.0038568849499425184,1.0,0.5,0.35,0.3333333333333333,0.0,0.0,-0.001285628316647506,-0.001285628316647506
2024-08-06,CCC,0.0071669824532498705,1.0,0.5,0.35,0.35,0.016666666666666663,1.6666666666666664e-05,0.0025084438586374545,0.002491777191970788
2024-08-07,CCC,0.0,1.0,0.3333333333333333,0.3333333333333333,0.35,0.0,0.0,0.0,0.0
2024-08-08,CCC,-0.007115982332733584,1.0,1.0,0.35,0.3333333333333333,0.016666666666666663,1.6666666666666664e-05,-0.0023719941109111944,-0.002388660777577861
2024-08-09,CCC,0.0069198451272758366,0.0,0.0,0.0,0.35,0.016666666666666663,1.6666666666666664e-05,0.0024219457945465427,0.002405279127879876
2024-08-12,CCC,-0.008835801358095363,0.0,0.0,0.0,0.0,0.35,0.00035,-0.0,-0.00035
2024-08-13,CCC,-0.007924061081304279,0.0,0.0,0.0,0.0,0.0,0.0,-0.0,-0.0
2024-08-14,CCC,-0.006656127797653677,0.0,0.0,0.0,0.0,0.0,0.0,-0.0,-0.0
2024-08-15,CCC,0.028729374319457213,0.0,0.0,0.0,0.0,0.0,0.0,0.0,0.0
2024-08-16,CCC,-0.01603973294251748,0.0,0.0,0.0,0.0,0.0,0.0,-0.0,-0.0
2024-08-19,CCC,0.002730657840297912,0.0,0.0,0.0,0.0,0.0,0.0,0.0,0.0
2024-08-20,CCC,0.0030533091269184798,0.0,0.0,0.0,0.0,0.0,0.0,0.0,0.0
2024-08-21,CCC,-0.012751953928424542,0.0,0.0,0.0,0.0,0.0,0.0,-0.0,-0.0
2024-08-22,CCC,0.008916666666666684,0.0,0.0,0.0,0.0,0.0,0.0,0.0,0.0
2024-08-23,CCC,0.019162467993722787,1.0,1.0,0.0,0.0,0.0,0.0,0.0,0.0
2024-08-26,CCC,0.004376367614879806,1.0,1.0,0.35,0.0,0.0,0.0,0.0,0.0
2024-08-27,CCC,0.005567659162430294,1.0,0.5,0.35,0.35,0.35,0.00035,0.0019486807068506027,0.0015986807068506027
2024-08-28,CCC,-0.003931953137538136,1.0,1.0,0.35,0.35,0.0,0.0,-0.0013761835981383475,-0.0013761835981383475
2024-08-29,CCC,0.016837186820269023,1.0,0.5,0.35,0.35,0.0,0.0,0.005893015387094158,0.005893015387094158
2024-08-30,CCC,0.012359372524164192,1.0,0.5,0.35,0.35,0.0,0.0,0.004325780383457467,0.004325780383457467
2024-09-02,CCC,-0.007434653310377182,1.0,0.5,0.35,0.35,0.0,0.0,-0.0026021286586320135,-0.0026021286586320135
2024-09-03,CCC,0.024047938184972084,1.0,0.5,0.35,0.35,0.0,0.0,0.008416778364740229,0.008416778364740229
2024-09-04,CCC,0.007776408992916428,1.0,0.5,0.35,0.35,0.0,0.0,0.0027217431475207495,0.0027217431475207495
2024-09-05,CCC,-0.007487202994881148,1.0,0.5,0.35,0.35,0.0,0.0,-0.0026205210482084015,-0.0026205210482084015
2024-09-06,CCC,0.004156723885766933,1.0,0.5,0.35,0.35,0.0,0.0,0.0014548533600184264,0.0014548533600184264
2024-09-09,CCC,0.007895745496358852,1.0,0.5,0.35,0.35,0.0,0.0,0.002763510923725598,0.002763510923725598
2024-09-10,CCC,0.005704289625798609,1.0,0.5,0.35,0.35,0.0,0.0,0.001996501369029513,0.001996501369029513
2024-09-11,CCC,-0.008243212584133741,1.0,0.5,0.35,0.35,0.0,0.0,-0.002885124404446809,-0.002885124404446809
2024-09-12,CCC,0.007396675308830369,1.0,1.0,0.35,0.35,0.0,0.0,0.002588836358090629,0.002588836358090629
2024-09-13,CCC,-0.01476042691696322,1.0,1.0,0.35,0.35,0.0,0.0,-0.005166149420937127,-0.005166149420937127
2024-09-16,CCC,0.0029963122311003065,1.0,1.0,0.35,0.35,0.0,0.0,0.0010487092808851072,0.0010487092808851072
2024-09-17,CCC,0.016009191880505425,1.0,1.0,0.35,0.35,0.0,0.0,0.005603217158176898,0.005603217158176898
2024-09-18,CCC,-0.0003769601930034838,1.0,0.5,0.35,0.35,0.0,0.0,-0.00013193606755121932,-0.00013193606755121932
2024-09-19,CCC,0.004298966739572974,1.0,0.5,0.35,0.35,0.0,0.0,0.0015046383588505406,0.0015046383588505406
2024-09-20,CCC,-0.0024031240612796267,1.0,0.5,0.35,0.35,0.0,0.0,-0.0008410934214478693,-0.0008410934214478693
2024-09-23,CCC,0.012345679012345512,1.0,0.5,0.35,0.35,0.0,0.0,0.004320987654320929,0.004320987654320929
2024-09-24,CCC,0.004535990481856045,1.0,0.5,0.35,0.35,0.0,0.0,0.0015875966686496156,0.0015875966686496156
2024-09-25,CCC,0.008364793841142859,1.0,0.5,0.35,0.35,0.0,0.0,0.0029276778444000005,0.0029276778444000005
2024-09-26,CCC,0.010057260314197736,1.0,0.5,0.35,0.35,0.0,0.0,0.003520041109969207,0.003520041109969207
2024-09-27,CCC,-0.009957118976669843,1.0,0.5,0.35,0.35,0.0,0.0,-0.0034849916418344448,-0.0034849916418344448
2024-09-30,CCC,0.02899721039494918,1.0,0.5,0.35,0.35,0.0,0.0,0.010149023638232212,0.010149023638232212
2024-10-01,CCC,-0.00028536776771059813,1.0,0.5,0.35,0.35,0.0,0.0,-9.987871869870935e-05,-9.987871869870935e-05
2024-10-02,CCC,0.0007849853707273535,1.0,0.5,0.35,0.35,0.0,0.0,0.0002747448797545737,0.0002747448797545737
2024-10-03,CCC,0.014689104392470176,1.0,0.5,0.35,0.35,0.0,0.0,0.0051411865373645615,0.0051411865373645615
2024-10-04,CCC,0.014968376669009187,1.0,0.3333333333333333,0.3333333333333333,0.35,0.0,0.0,0.005238931834153215,0.005238931834153215
2024-10-07,CCC,0.01114726857301096,1.0,0.3333333333333333,0.3333333333333333,0.3333333333333333,0.016666666666666663,1.6666666666666664e-05,0.003715756191003653,0.0036990895243369866
2024-10-08,CCC,0.0160230073952341,1.0,0.3333333333333333,0.3333333333333333,0.3333333333333333,0.0,0.0,0.0053410024650780335,0.0053410024650780335
2024-10-09,CCC,-0.008424315945545269,1.0,0.3333333333333333,0.3333333333333333,0.3333333333333333,0.0,0.0,-0.002808105315181756,-0.002808105315181756
2024-10-10,CCC,0.009719295860803445,1.0,0.3333333333333333,0.3333333333333333,0.3333333333333333,0.0,0.0,0.0032397652869344817,0.0032397652869344817
2024-10-11,CCC,0.0032983306408185253,1.0,0.5,0.35,0.3333333333333333,0.0,0.0,0.0010994435469395083,0.0010994435469395083
2024-10-14,CCC,0.009459912780946045,1.0,0.3333333333333333,0.3333333333333333,0.35,0.016666666666666663,1.6666666666666664e-05,0.0033109694733311156,0.003294302806664449
2024-10-15,CCC,0.007244450352253073,1.0,0.3333333333333333,0.3333333333333333,0.3333333333333333,0.016666666666666663,1.6666666666666664e-05,0.0024148167840843575,0.002398150117417691
2024-10-16,CCC,0.004552952820851219,1.0,0.5,0.35,0.3333333333333333,0.0,0.0,0.0015176509402837397,0.0015176509402837397
2024-10-17,CCC,-0.006502890173410436,1.0,1.0,0.35,0.35,0.016666666666666663,1.6666666666666664e-05,-0.0022760115606936526,-0.002292678227360319
2024-10-18,CCC,-0.0013223140495867147,1.0,0.5,0.35,0.35,0.0,0.0,-0.0004628099173553501,-0.0004628099173553501
2024-10-21,CCC,0.015425355842436206,1.0,0.5,0.35,0.35,0.0,0.0,0.005398874544852671,0.005398874544852671
2024-10-22,CCC,-0.004172643108618979,1.0,0.5,0.35,0.35,0.0,0.0,-0.0014604250880166424,-0.0014604250880166424
2024-10-23,CCC,0.009689668718082967,1.0,0.5,0.35,0.35,0.0,0.0,0.003391384051329038,0.003391384051329038
2024-10-24,CCC,0.016469977953572856,1.0,0.5,0.35,0.35,0.0,0.0,0.005764492283750499,0.005764492283750499
2024-10-25,CCC,0.0021051288594029494,1.0,0.5,0.35,0.35,0.0,0.0,0.0007367951007910323,0.0007367951007910323
2024-10-28,CCC,-0.013622764020625233,1.0,0.5,0.35,0.35,0.0,0.0,-0.004767967407218831,-0.004767967407218831
2024-10-29,CCC,0.02090997095837377,1.0,0.5,0.35,0.35,0.0,0.0,0.007318489835430818,0.007318489835430818
2024-10-30,CCC,-0.005562930653012166,1.0,0.3333333333333333,0.3333333333333333,0.35,0.0,0.0,-0.001947025728554258,-0.001947025728554258
2024-10-31,CCC,-0.006611149958680285,1.0,0.3333333333333333,0.3333333333333333,0.3333333333333333,0.016666666666666663,1.6666666666666664e-05,-0.0022037166528934282,-0.002220383319560095
2024-11-01,CCC,-0.004799385678633139,1.0,0.3333333333333333,0.3333333333333333,0.3333333333333333,0.0,0.0,-0.0015997952262110462,-0.0015997952262110462
2024-11-04,CCC,0.010095164609053464,1.0,0.3333333333333333,0.3333333333333333,0.3333333333333333,0.0,0.0,0.0033650548696844878,0.0033650548696844878
2024-11-05,CCC,0.0017824177223246807,1.0,0.3333333333333333,0.3333333333333333,0.3333333333333333,0.0,0.0,0.0005941392407748936,0.0005941392407748936
2024-11-06,CCC,0.01054838914659717,1.0,0.3333333333333333,0.3333333333333333,0.3333333333333333,0.0,0.0,0.00351612971553239,0.00351612971553239
2024-11-07,CCC,-0.015468779475570682,0.0,0.0,0.0,0.3333333333333333,0.0,0.0,-0.005156259825190227,-0.005156259825190227
2024-11-08,CCC,-0.000702561154754977,0.0,0.0,0.0,0.0,0.3333333333333333,0.0003333333333333333,-0.0,-0.0003333333333333333
2024-11-11,CCC,-0.0020452511824109454,1.0,0.3333333333333333,0.0,0.0,0.0,0.0,-0.0,-0.0
2024-11-12,CCC,0.002113487895478494,0.0,0.0,0.0,0.0,0.0,0.0,0.0,0.0
2024-11-13,CCC,0.008436121940307961,1.0,0.3333333333333333,0.0,0.0,0.0,0.0,0.0,0.0
2024-11-14,CCC,-0.004879903669433916,1.0,0.3333333333333333,0.0,0.0,0.0,0.0,-0.0,-0.0
2024-11-15,CCC,-0.0021016431027894855,1.0,0.3333333333333333,0.0,0.0,0.0,0.0,-0.0,-0.0
2024-11-18,CCC,-0.009764503159103932,0.0,0.0,0.0,0.0,0.0,0.0,-0.0,-0.0
2024-11-19,CCC,0.005993812838360535,0.0,0.0,0.0,0.0,0.0,0.0,0.0,0.0
2024-11-20,CCC,-0.012428727016464802,0.0,0.0,0.0,0.0,0.0,0.0,-0.0,-0.0
2024-11-21,CCC,-0.01154719429127471,0.0,0.0,0.0,0.0,0.0,0.0,-0.0,-0.0
2024-11-22,CCC,-6.562971713586219e-05,0.0,0.0,0.0,0.0,0.0,0.0,-0.0,-0.0
2024-11-25,CCC,0.012076660540824236,0.0,0.0,0.0,0.0,0.0,0.0,0.0,0.0
2024-11-26,CCC,0.002529182879377423,0.0,0.0,0.0,0.0,0.0,0.0,0.0,0.0
2024-11-27,CCC,-0.00439873213015074,0.0,0.0,0.0,0.0,0.0,0.0,-0.0,-0.0
2024-11-28,CCC,0.019946722110324222,0.0,0.0,0.0,0.0,0.0,0.0,0.0,0.0
2024-11-29,CCC,-0.019492929035545892,0.0,0.0,0.0,0.0,0.0,0.0,-0.0,-0.0
2024-12-02,CCC,0.003703222453222521,0.0,0.0,0.0,0.0,0.0,0.0,0.0,0.0
2024-12-03,CCC,0.00847951323710272,0.0,0.0,0.0,0.0,0.0,0.0,0.0,0.0
2024-12-04,CCC,-0.0005776636713735739,1.0,0.5,0.0,0.0,0.0,0.0,-0.0,-0.0
2024-12-05,CCC,-0.012266392653008773,0.0,0.0,0.0,0.0,0.0,0.0,-0.0,-0.0
2024-12-06,CCC,0.004551365409622754,0.0,0.0,0.0,0.0,0.0,0.0,0.0,0.0
2024-12-09,CCC,0.0006472491909383926,0.0,0.0,0.0,0.0,0.0,0.0,0.0,0.0
2024-12-10,CCC,-0.019469598965071055,0.0,0.0,0.0,0.0,0.0,0.0,-0.0,-0.0
2024-12-11,CCC,-0.02414407282802289,0.0,0.0,0.0,0.0,0.0,0.0,-0.0,-0.0
2024-12-12,CCC,0.008855539782329558,0.0,0.0,0.0,0.0,0.0,0.0,0.0,0.0
2024-12-13,CCC,0.011123023318145187,0.0,0.0,0.0,0.0,0.0,0.0,0.0,0.0
2024-12-16,CCC,0.009343936381709828,0.0,0.0,0.0,0.0,0.0,0.0,0.0,0.0
2024-12-17,CCC,-0.014378570021666315,0.0,0.0,0.0,0.0,0.0,0.0,-0.0,-0.0
2024-12-18,CCC,-0.006727950972555186,0.0,0.0,0.0,0.0,0.0,0.0,-0.0,-0.0
2024-12-19,CCC,-0.028032995774931346,0.0,0.0,0.0,0.0,0.0,0.0,-0.0,-0.0
2024-12-20,CCC,-0.002897950734837562,0.0,0.0,0.0,0.0,0.0,0.0,-0.0,-0.0
2024-12-23,CCC,0.012179087952390866,0.0,0.0,0.0,0.0,0.0,0.0,0.0,0.0
2024-12-24,CCC,0.007178505503520727,0.0,0.0,0.0,0.0,0.0,0.0,0.0,0.0
2024-12-25,CCC,-0.001357588922074271,0.0,0.0,0.0,0.0,0.0,0.0,-0.0,-0.0
2024-12-26,CCC,0.012370853724850361,0.0,0.0,0.0,0.0,0.0,0.0,0.0,0.0
2024-12-27,CCC,0.003088492010205446,0.0,0.0,0.0,0.0,0.0,0.0,0.0,0.0
2024-12-30,CCC,0.0027443105756359554,0.0,0.0,0.0,0.0,0.0,0.0,0.0,0.0
2024-12-31,CCC,-0.000333756091048687,0.0,0.0,0.0,0.0,0.0,0.0,-0.0,-0.0
2025-01-01,CCC,0.004473824786324965,1.0,0.5,0.0,0.0,0.0,0.0,0.0,0.0
2025-01-02,CCC,-0.005650468656517971,1.0,0.5,0.35,0.0,0.0,0.0,-0.0,-0.0
2025-01-03,CCC,-0.020457280385078214,0.0,0.0,0.0,0.35,0.35,0.00035,-0.007160048134777375,-0.007510048134777374
2025-01-06,CCC,0.007644007644007411,0.0,0.0,0.0,0.0,0.35,0.00035,0.0,-0.00035
2025-01-07,CCC,-0.005824979680303377,0.0,0.0,0.0,0.0,0.0,0.0,-0.0,-0.0
2025-01-08,CCC,-0.00831175909524462,0.0,0.0,0.0,0.0,0.0,0.0,-0.0,-0.0
2025-01-09,CCC,0.002885408079142504,0.0,0.0,0.0,0.0,0.0,0.0,0.0,0.0
2025-01-10,CCC,0.002466091245376223,0.0,0.0,0.0,0.0,0.0,0.0,0.0,0.0
2025-01-13,CCC,0.021183545168784956,0.0,0.0,0.0,0.0,0.0,0.0,0.0,0.0
2025-01-14,CCC,0.003078158458244218,1.0,1.0,0.0,0.0,0.0,0.0,0.0,0.0
2025-01-15,CCC,0.00020013342228142328,0.0,0.0,0.0,0.0,0.0,0.0,0.0,0.0
2025-01-16,CCC,-0.0018675381844861505,1.0,1.0,0.0,0.0,0.0,0.0,-0.0,-0.0
2025-01-17,CCC,-0.010157033077180189,0.0,0.0,0.0,0.0,0.0,0.0,-0.0,-0.0
2025-01-20,CCC,-0.005468169850806781,0.0,0.0,0.0,0.0,0.0,0.0,-0.0,-0.0
2025-01-21,CCC,-0.0016969861525929497,0.0,0.0,0.0,0.0,0.0,0.0,-0.0,-0.0
2025-01-22,CCC,0.007343441898415737,0.0,0.0,0.0,0.0,0.0,0.0,0.0,0.0
2025-01-23,CCC,0.006682416469794061,1.0,0.5,0.35,0.0,0.0,0.0,0.0,0.0
2025-01-24,CCC,0.023199678154753878,1.0,0.5,0.35,0.35,0.35,0.00035,0.008119887354163857,0.007769887354163858
2025-01-27,CCC,-0.002948885976408855,1.0,0.5,0.35,0.35,0.0,0.0,-0.0010321100917430992,-0.0010321100917430992
